기준 일자,정류소 명,정류소 번호,정류소아이디,권역,법정동 명,엑스좌표,경도,와이좌표,위도
2024-12-31,(주)경동세라믹스,89146.0,168001146,서구,오류동,166087.8384,126.6169776,450837.1724,37.55918552
2024-12-31,(주)경인양행앞,42096.0,168000096,서구,가좌동,170343.637,126.6654136,444145.8737,37.49904538
2024-12-31,(주)경인양행앞,42097.0,168000097,서구,석남동,170465.3876,126.6667891,444178.4131,37.49934246
2024-12-31,(주)스킨이데아,89388.0,168001388,서구,원창동,166105.6856,126.6174734,444479.2189,37.50190268
2024-12-31,(주)스킨이데아,89389.0,168001389,서구,원창동,166107.5171,126.617495,444459.0933,37.50172142
2024-12-31,2차풍림아이원,42584.0,168000584,서구,마전동,169967.4833,126.6606402,456817.6036,37.61320221
2024-12-31,41번구종점,42174.0,168000174,서구,신현동,170506.952,126.6671947,445782.494,37.51379628
2024-12-31,E편한세상,42726.0,168000726,서구,불로동,172873.8652,126.6935373,457356.2424,37.61814566
2024-12-31,E편한세상,42453.0,168000453,서구,원당동,173512.2131,126.7008556,454930.9236,37.59631292
2024-12-31,E편한세상,42649.0,168000649,서구,불로동,172873.0972,126.693527,457400.7608,37.61854674
2024-12-31,GS칼텍스,89224.0,168001224,서구,원창동,168127.587,126.6403155,445018.4937,37.50683356
2024-12-31,GS칼텍스,89220.0,168001220,서구,원창동,168271.806,126.6419451,445053.3916,37.50715296
2024-12-31,JST기술연구소,89491.0,168001491,서구,오류동,165989.4172,126.6156641,455131.7833,37.59787488
2024-12-31,JST기술연구소,89492.0,168001492,서구,오류동,166013.4698,126.6159366,455127.5869,37.59783796
2024-12-31,KCC아파트,42391.0,168000391,서구,당하동,171455.6291,126.6776012,454089.4663,37.58867003
2024-12-31,KG스틸,42008.0,168000008,서구,가좌동,170989.9158,126.6728023,442112.7867,37.48074812
2024-12-31,KT서인천지사,42933.0,168000933,서구,심곡동,170988.0122,126.6725097,448971.2655,37.54254173
2024-12-31,KT서인천지사,42932.0,168000932,서구,심곡동,170998.7452,126.6726312,448969.5708,37.5425268
2024-12-31,LG마그나,89264.0,168001264,서구,경서동,168589.0545,126.6453058,450359.3828,37.55496956
2024-12-31,LG마그나,89029.0,168001029,서구,경서동,168567.633,126.6450649,450324.2565,37.55465235
2024-12-31,LG아파트후문,42617.0,168000617,서구,원당동,173123.419,126.6964594,454761.3978,37.59477425
2024-12-31,LG아파트후문,42616.0,168000616,서구,원당동,173171.8181,126.697007,454774.3594,37.59489244
2024-12-31,LG전자(주),42297.0,168000297,서구,경서동,168249.677,126.6414589,450501.008,37.55623392
2024-12-31,NKG물류센터,89212.0,168001212,서구,원창동,165457.6886,126.6101406,444578.3202,37.50277151
2024-12-31,SK.GS주유소,89231.0,168001231,서구,가좌동,169977.0378,126.6612961,443455.4167,37.4928126
2024-12-31,SK.GS주유소,89230.0,168001230,서구,가좌동,169944.7227,126.6609307,443456.0458,37.49281722
2024-12-31,SK뷰아파트,42889.0,168000889,서구,청라동,167281.5896,126.6306538,447120.5048,37.52574256
2024-12-31,SK뷰아파트,42888.0,168000888,서구,청라동,167265.6402,126.6304727,447136.8921,37.52588964
2024-12-31,SK인천석유화학,42768.0,168000768,서구,석남동,170074.2483,126.6623086,445583.8417,37.5119925
2024-12-31,SK인천석유화학,42767.0,168000767,서구,석남동,170035.9654,126.6618762,445569.8655,37.51186534
2024-12-31,SK주유소,42956.0,168000956,서구,원창동,168912.0637,126.6491631,445599.272,37.51209305
2024-12-31,㈜한슬,42814.0,168000814,서구,오류동,165109.5221,126.6057191,454746.8173,37.59437349
2024-12-31,가경공원,89365.0,168001365,서구,가정동,170721.5429,126.6695561,447432.067,37.52866545
2024-12-31,가구전시장,42074.0,168000074,서구,가좌동,170491.5498,126.6670993,443820.5204,37.49611874
2024-12-31,가구전시장,42072.0,168000072,서구,가좌동,170500.2784,126.667199,443797.2203,37.49590909
2024-12-31,가림고등학교,42078.0,168000078,서구,가좌동,171677.3875,126.6805247,443410.5204,37.4924619
2024-12-31,가야,42808.0,168000808,서구,오류동,164527.9042,126.5991692,454011.041,37.58772215
2024-12-31,가야,42807.0,168000807,서구,오류동,164546.3165,126.5993771,454021.7676,37.5878195
2024-12-31,가원초등학교,42952.0,168000952,서구,청라동,170097.9377,126.6625026,447398.5843,37.52834374
2024-12-31,가원초등학교,89118.0,168001118,서구,가정동,170133.2104,126.6629078,447247.6308,37.52698482
2024-12-31,가재울사거리,42039.0,168000039,서구,가좌동,171563.5775,126.6792645,442719.9514,37.48623646
2024-12-31,가재울사거리,42042.0,168000042,서구,가좌동,171573.0114,126.6793694,442765.8607,37.48665039
2024-12-31,가재울역1번출구,42035.0,168000035,서구,가좌동,171919.6522,126.6832971,442548.2677,37.48470053
2024-12-31,가재울역2번출구,42033.0,168000033,서구,가좌동,172066.5381,126.6849631,442409.9943,37.48345916
2024-12-31,가재울역3번출구,42032.0,168000032,서구,가좌동,172059.8026,126.6848882,442378.447,37.48317472
2024-12-31,가재울역4번출구,42034.0,168000034,서구,가좌동,171886.3816,126.6829212,442540.3887,37.48462852
2024-12-31,가정(루원시티)역,89050.0,168001050,서구,가정동,171150.8643,126.6744306,446984.6686,37.52464803
2024-12-31,가정(루원시티)역,89075.0,168001075,서구,가정동,171129.2687,126.6741868,446970.2768,37.52451769
2024-12-31,가정(루원시티)역,89051.0,168001051,서구,가정동,171206.8159,126.6750625,447010.4335,37.52488192
2024-12-31,가정(루원시티)역,89078.0,168001078,서구,가정동,171091.862,126.6737614,447027.9201,37.52503587
2024-12-31,가정3동성당,42226.0,168000226,서구,가정동,171839.3013,126.6822431,446341.3862,37.51887349
2024-12-31,가정LH3단지정문앞,89041.0,168001041,서구,가정동,170397.8644,126.6658834,447702.4851,37.53109151
2024-12-31,가정고등학교,42203.0,168000203,서구,석남동,171550.0303,126.6789964,445688.1365,37.51297893
2024-12-31,가정고등학교,42200.0,168000200,서구,석남동,171532.934,126.6788034,445676.8314,37.51287655
2024-12-31,가정교,89503.0,168001503,서구,청라동,170148.7958,126.6630345,448465.5066,37.53795812
2024-12-31,가정교,89502.0,168001502,서구,청라동,170188.2787,126.6634793,448511.5006,37.5383738
2024-12-31,가정교차로,89390.0,168001390,서구,가정동,170765.4172,126.6700681,447038.1861,37.52511806
2024-12-31,가정교차로,89391.0,168001391,서구,가정동,170757.0692,126.669976,446980.3392,37.5245966
2024-12-31,가정동성당,89105.0,168001105,서구,원창동,170086.5559,126.6623954,446870.218,37.5235829
2024-12-31,가정동성당,89102.0,168001102,서구,신현동,170122.7971,126.6628067,446837.3017,37.52328751
2024-12-31,가정보금자리,89119.0,168001119,서구,가정동,170110.9531,126.6626533,447313.2236,37.52757508
2024-12-31,가정보금자리,89120.0,168001120,서구,가정동,170117.5979,126.6627243,447415.1402,37.52849354
2024-12-31,가정여자중학교,42041.0,168000041,서구,가좌동,172125.9858,126.6856304,442537.3558,37.48460847
2024-12-31,가정여자중학교,89527.0,168001527,서구,가좌동,172145.5499,126.6858513,442545.2013,37.48467975
2024-12-31,가정여중입구,89303.0,168001303,서구,가좌동,172113.7368,126.6854823,442791.9112,37.48690161
2024-12-31,가정중앙시장역,42215.0,168000215,서구,가정동,171374.7384,126.6769924,446233.4364,37.51788656
2024-12-31,가정중앙시장역,42219.0,168000219,서구,가정동,171345.6111,126.676663,446231.9575,37.51787233
2024-12-31,가정택지삼거리,89385.0,168001385,서구,청라동,170105.5946,126.6625711,447843.5965,37.53235345
2024-12-31,가정택지삼거리,89386.0,168001386,서구,가정동,170146.2143,126.6630306,447843.7156,37.53235584
2024-12-31,가정휴먼시아3단지,89186.0,168001186,서구,가정동,170350.2032,126.6653494,447572.9236,37.52992266
2024-12-31,가정휴먼시아3단지,89187.0,168001187,서구,가정동,170340.3941,126.6652376,447592.5375,37.53009906
2024-12-31,가좌2동행정복지센터,42073.0,168000073,서구,가좌동,172016.2285,126.6843631,443228.2429,37.49082995
2024-12-31,가좌2동행정복지센터,42076.0,168000076,서구,가좌동,172023.5561,126.6844456,443238.6178,37.49092365
2024-12-31,가좌3동행정복지센터,42075.0,168000075,서구,가좌동,171647.7673,126.6801911,443377.766,37.49216587
2024-12-31,가좌4동행정복지센터,42062.0,168000062,서구,가좌동,171982.4944,126.6839893,443027.5994,37.48902115
2024-12-31,가좌고등학교,42061.0,168000061,서구,가좌동,171637.3052,126.680081,443163.529,37.49023531
2024-12-31,가좌고등학교,42060.0,168000060,서구,가좌동,171664.3228,126.6803868,443155.5463,37.49016422
2024-12-31,가좌공단,42945.0,168000945,서구,가좌동,169016.2553,126.6504233,443661.2043,37.49463493
2024-12-31,가좌공단,42526.0,168000526,서구,가좌동,168951.5722,126.6496927,443642.6559,37.49446564
2024-12-31,가좌교회,42057.0,168000057,서구,가좌동,171863.8283,126.6826488,442995.5379,37.48872867
2024-12-31,가좌교회,42055.0,168000055,서구,가좌동,171820.0548,126.6821557,442948.7408,37.4883057
2024-12-31,가좌녹지공원,42029.0,168000029,서구,가좌동,172208.3915,126.6865719,442277.4964,37.48226966
2024-12-31,가좌녹지공원,42030.0,168000030,서구,가좌동,172171.6103,126.6861563,442271.3994,37.48221362
2024-12-31,가좌농협,42067.0,168000067,서구,가좌동,170874.8524,126.6714437,443569.4934,37.49386922
2024-12-31,가좌농협,42066.0,168000066,서구,가좌동,170891.2017,126.6716291,443556.3288,37.49375112
2024-12-31,가좌동차고,42939.0,168000939,서구,가좌동,169077.3015,126.6511256,443376.6246,37.49207297
2024-12-31,가좌동차고지,42522.0,168000522,서구,가좌동,168961.2752,126.6498117,443422.7419,37.49248458
2024-12-31,가좌두산위브104동앞,42090.0,168000090,서구,가좌동,172251.4732,126.6870173,443381.5789,37.4922186
2024-12-31,가좌사거리,42044.0,168000044,서구,가좌동,171676.2969,126.680537,442773.5438,37.48672279
2024-12-31,가좌사거리,42043.0,168000043,서구,가좌동,171654.5113,126.6802913,442755.8876,37.48656304
2024-12-31,가좌진주아파트,42100.0,168000100,서구,가좌동,171852.3369,126.6824909,443726.78,37.49531671
2024-12-31,가좌체육공원,42058.0,168000058,서구,가좌동,171986.7454,126.6840402,442953.6753,37.48835524
2024-12-31,가좌초등학교,42069.0,168000069,서구,가좌동,172059.471,126.6848551,443148.0449,37.49010869
2024-12-31,가좌초등학교,42070.0,168000070,서구,가좌동,172083.2113,126.6851241,443135.464,37.48999606
2024-12-31,가좌현대아파트,42130.0,168000130,서구,가좌동,172113.6664,126.6854378,443942.0455,37.49726416
2024-12-31,가좌현대아파트,42133.0,168000133,서구,가좌동,172123.3661,126.6855457,443988.86,37.49768625
2024-12-31,가좌홈플러스(쌍마아파트),42101.0,168000101,서구,가좌동,170921.7104,126.6719514,444129.299,37.49891446
2024-12-31,가좌홈플러스(쌍마아파트),42103.0,168000103,서구,가좌동,170902.0694,126.6717305,444098.0771,37.49863253
2024-12-31,가좌환경사업소,42631.0,168000631,서구,가좌동,168786.2545,126.647807,444027.0753,37.49792361
2024-12-31,가좌환경사업소 북측,89341.0,168001341,서구,가좌동,168501.3328,126.6445798,444147.9561,37.49900303
2024-12-31,가좌환경사업소북측,89342.0,168001342,서구,석남동,168498.5931,126.6445477,444174.1511,37.49923895
2024-12-31,가현오일뱅크,42734.0,168000734,서구,금곡동,168035.5697,126.6387488,457068.8391,37.61540053
2024-12-31,가현중학교,42722.0,168000722,서구,신현동,170667.2469,126.6689761,446574.5386,37.52093757
2024-12-31,가현초교앞(루에블리아파트),89242.0,168001242,서구,신현동,170544.6648,126.6675811,446782.5032,37.52280737
2024-12-31,가현초교앞(센트럴타운아파트),89243.0,168001243,서구,신현동,170564.0805,126.6678022,446745.6134,37.52247562
2024-12-31,간재울초등학교,42347.0,168000347,서구,검암동,171045.1132,126.6730763,450983.5809,37.56067401
2024-12-31,강남시장,42172.0,168000172,서구,석남동,170977.2089,126.6725219,445574.8515,37.51194039
2024-12-31,강남시장,42173.0,168000173,서구,석남동,170996.6226,126.6727415,445574.2002,37.51193513
2024-12-31,거북시장,42136.0,168000136,서구,석남동,170942.1504,126.6721672,444518.1353,37.50241845
2024-12-31,거북시장,42132.0,168000132,서구,석남동,170920.7429,126.6719278,444450.5237,37.50180861
2024-12-31,건지사거리,42883.0,168000883,서구,가좌동,171994.4695,126.6840923,443878.6041,37.49668895
2024-12-31,건지사거리,42882.0,168000882,서구,가좌동,172012.7938,126.6842999,443868.6566,37.49659988
2024-12-31,검단1차피오레·금호어울림아파트,89458.0,168001458,서구,마전동,170548.825,126.6673042,454836.2135,37.59536937
2024-12-31,검단1차피오레·금호어울림아파트,89457.0,168001457,서구,마전동,170519.3155,126.6669701,454835.9568,37.59536611
2024-12-31,검단LH13단지후문,89558.0,168001558,서구,당하동,173748.2352,126.7035795,453500.9061,37.58343563
2024-12-31,검단LH13단지후문,89559.0,168001559,서구,당하동,173822.1132,126.7044159,453501.8042,37.58344583
2024-12-31,검단LH26단지아파트,89545.0,168001545,서구,원당동,174793.7002,126.7153634,455013.6991,37.59709478
2024-12-31,검단LH26단지후문,89553.0,168001553,서구,원당동,174814.5877,126.7155923,455235.9947,37.59909817
2024-12-31,검단LH26단지후문,89552.0,168001552,서구,원당동,174791.6922,126.715333,455236.1062,37.59909855
2024-12-31,검단LH36단지,89548.0,168001548,서구,당하동,171913.0007,126.6827769,454160.1156,37.58932065
2024-12-31,검단LH36단지,89549.0,168001549,서구,당하동,171905.4767,126.6826931,454124.3503,37.58899819
2024-12-31,검단LH행복주택,89408.0,168001408,서구,원당동,174988.8543,126.7176024,454159.974,37.58940828
2024-12-31,검단공구상가,89065.0,168001065,서구,오류동,165863.7453,126.6142633,454655.1942,37.59357632
2024-12-31,검단공구상가,89053.0,168001053,서구,오류동,165874.6987,126.6143862,454678.9222,37.59379051
2024-12-31,검단금호어울림센트럴아파트,89546.0,168001546,서구,원당동,174778.2613,126.7151888,455006.0364,37.59702531
2024-12-31,검단노인복지관,42695.0,168000695,서구,마전동,169994.3833,126.6609904,455710.2912,37.60322658
2024-12-31,검단농기구센터,89324.0,168001324,서구,대곡동,171058.6823,126.6729873,457111.2052,37.61588252
2024-12-31,검단농기구센터,89316.0,168001316,서구,대곡동,171041.3264,126.6727909,457107.5338,37.61584889
2024-12-31,검단농협,42434.0,168000434,서구,마전동,169922.9059,126.6601812,455704.2933,37.60317021
2024-12-31,검단농협,42432.0,168000432,서구,마전동,169844.6048,126.659297,455642.2726,37.60260885
2024-12-31,검단대성베르힐,89467.0,168001467,서구,당하동,174182.2703,126.7084975,453385.2931,37.58240629
2024-12-31,검단동행정복지센터(검단고교),42441.0,168000441,서구,마전동,170125.8077,126.6624758,455780.5463,37.60386384
2024-12-31,검단동행정복지센터(검단고교),42445.0,168000445,서구,마전동,170182.8458,126.6631197,455830.2159,37.6043132
2024-12-31,검단디에트르리버파크,89476.0,168001476,서구,원당동,175310.3731,126.7212391,454266.6137,37.59037777
2024-12-31,검단디에트르리버파크,89477.0,168001477,서구,원당동,175318.4355,126.7213311,454247.5749,37.59020645
2024-12-31,검단로제비앙라포레,89483.0,168001483,서구,원당동,174496.303,126.7119755,455596.0076,37.602333
2024-12-31,검단로지스틱스파크,41339.0,167000339,서구,당하동,174380.7091,126.7107566,453027.3017,37.57918643
2024-12-31,검단로지스틱스파크,42395.0,168000395,서구,당하동,174405.3263,126.7110345,453049.3405,37.57938568
2024-12-31,검단메가박스,42384.0,168000384,서구,당하동,171294.9608,126.6757858,453995.9957,37.58782288
2024-12-31,검단메가박스,42383.0,168000383,서구,당하동,171305.3099,126.6759033,453986.7157,37.58773959
2024-12-31,검단모아미래도엘리트,89466.0,168001466,서구,당하동,174125.1464,126.7078492,453430.0927,37.58280831
2024-12-31,검단모아엘가그랑데아파트,42483.0,168000483,서구,원당동,175163.4178,126.719559,454743.8162,37.59467328
2024-12-31,검단사거리역,42426.0,168000426,서구,왕길동,169599.5034,126.6565216,455638.6556,37.60256818
2024-12-31,검단사거리역,42537.0,168000537,서구,왕길동,169661.2936,126.6572247,455557.4339,37.60183845
2024-12-31,검단사거리역,42419.0,168000419,서구,왕길동,169636.5751,126.6569441,455574.7052,37.60199324
2024-12-31,검단사거리역,42427.0,168000427,서구,마전동,169614.8075,126.6566944,455651.1124,37.60268092
2024-12-31,검단소방서,42431.0,168000431,서구,마전동,171768.6217,126.6811213,454702.137,37.59419968
2024-12-31,검단소방서,42428.0,168000428,서구,마전동,171903.0101,126.6826437,454683.018,37.59403154
2024-12-31,검단소방서후문,89550.0,168001550,서구,마전동,171839.0016,126.6819219,454607.757,37.5933515
2024-12-31,검단신도시예미지더시그너스,89415.0,168001415,서구,당하동,173927.6294,126.7056134,453420.719,37.58271827
2024-12-31,검단신도시예미지더시그너스,89416.0,168001416,서구,당하동,173939.2189,126.7057457,453388.1684,37.58242533
2024-12-31,검단신도시우미린리버포레,89409.0,168001409,서구,원당동,174989.5148,126.7176093,454178.8328,37.58957821
2024-12-31,검단신안인스빌어반퍼스트,89512.0,168001512,서구,당하동,174603.9878,126.7132784,453196.4468,37.58071658
2024-12-31,검단신안인스빌어반퍼스트,89511.0,168001511,서구,당하동,174579.8915,126.7130049,453214.817,37.58088143
2024-12-31,검단예미지트리플에듀,89543.0,168001543,서구,원당동,174671.0069,126.713957,455506.4658,37.60153109
2024-12-31,검단예미지트리플에듀,89551.0,168001551,서구,원당동,174646.8429,126.7136835,455502.2012,37.601492
2024-12-31,검단예미지트리플에듀아파트,89484.0,168001484,서구,원당동,174500.2722,126.7120213,455572.8547,37.60212451
2024-12-31,검단오류공단,42703.0,168000703,서구,오류동,166907.1871,126.6261004,454158.2925,37.58913758
2024-12-31,검단오류공단,42702.0,168000702,서구,오류동,166901.6243,126.6260363,454183.1399,37.58936125
2024-12-31,검단오류역,89060.0,168001060,서구,오류동,167066.9221,126.6278813,454773.7133,37.59468805
2024-12-31,검단오류역,89057.0,168001057,서구,오류동,167065.1606,126.6278598,454807.1819,37.59498952
2024-12-31,검단오류역우방아이유쉘,89068.0,168001068,서구,오류동,167477.9999,126.6325314,454874.8321,37.59561373
2024-12-31,검단오류역우방아이유쉘,89067.0,168001067,서구,오류동,167477.3497,126.6325194,454978.4663,37.59654742
2024-12-31,검단오류풍림아이원,89252.0,168001252,서구,오류동,167966.8658,126.6380452,455369.3312,37.60008618
2024-12-31,검단오류풍림아이원,89251.0,168001251,서구,오류동,167986.0848,126.638263,455364.7065,37.60004518
2024-12-31,검단우미린더헤리티지,89526.0,168001526,서구,원당동,175078.4603,126.7186065,454467.2489,37.59217918
2024-12-31,검단우미린더헤리티지,89525.0,168001525,서구,원당동,175063.1733,126.7184335,454462.9266,37.59213982
2024-12-31,검단우미린파크뷰1단지,89499.0,168001499,서구,당하동,174947.2903,126.7171525,453557.7585,37.58398134
2024-12-31,검단우미린파크뷰1단지,89500.0,168001500,서구,당하동,174963.0327,126.7173298,453583.3546,37.58421238
2024-12-31,검단우미린파크뷰2단지,89501.0,168001501,서구,당하동,174813.4049,126.7156385,453505.3908,37.58350586
2024-12-31,검단우미린파크뷰2단지,89469.0,168001469,서구,당하동,174821.4508,126.7157302,453488.5567,37.5833544
2024-12-31,검단우방아이유쉘아파트,42688.0,168000688,서구,금곡동,169340.7545,126.6535878,455727.2282,37.60335759
2024-12-31,검단원흥아파트,42400.0,168000400,서구,왕길동,169165.2116,126.6516189,455276.8946,37.59929436
2024-12-31,검단원흥아파트,42401.0,168000401,서구,왕길동,169155.6023,126.6515092,455297.1806,37.59947681
2024-12-31,검단유승한내들에듀파크정문,89567.0,168001567,서구,당하동,173922.0779,126.7055285,454038.4274,37.58828351
2024-12-31,검단지식산업센타,89054.0,168001054,서구,오류동,165845.3161,126.6140422,454920.7992,37.59596864
2024-12-31,검단지식산업센타,89063.0,168001063,서구,오류동,165839.1508,126.6139706,454959.5524,37.59631756
2024-12-31,검단초등학교,89332.0,168001332,서구,마전동,170808.647,126.6701809,456470.3916,37.61010108
2024-12-31,검단초등학교,42482.0,168000482,서구,마전동,170871.7834,126.6708983,456411.6852,37.60957416
2024-12-31,검단초등학교,89333.0,168001333,서구,마전동,170820.3994,126.6703144,456461.3507,37.61002
2024-12-31,검단초등학교,42475.0,168000475,서구,마전동,170789.1529,126.6699634,456390.4364,37.60938009
2024-12-31,검단출장소,42423.0,168000423,서구,왕길동,169814.472,126.6589614,455505.9017,37.60137921
2024-12-31,검단출장소,42424.0,168000424,서구,마전동,169920.1768,126.6601593,455484.1913,37.60118707
2024-12-31,검단탑종합병원,42877.0,168000877,서구,당하동,170824.0879,126.6704307,454596.036,37.59321423
2024-12-31,검단하나아파트,42421.0,168000421,서구,왕길동,169156.6611,126.6515021,455749.1927,37.60354932
2024-12-31,검단하나아파트,42422.0,168000422,서구,금곡동,169193.9475,126.6519239,455760.0062,37.603648
2024-12-31,검단한신더휴캐널파크1103동,89404.0,168001404,서구,당하동,174077.3133,126.7072817,454159.8867,37.58938222
2024-12-31,검단한신더휴캐널파크1103동,89405.0,168001405,서구,당하동,174102.2404,126.7075641,454156.5178,37.58935257
2024-12-31,검단한신더휴캐널파크정문,89566.0,168001566,서구,당하동,173899.7741,126.7052755,454051.7056,37.58840251
2024-12-31,검단힐스테이트5차아파트,42558.0,168000558,서구,마전동,170726.0644,126.6693162,454709.1074,37.59422985
2024-12-31,검단힐스테이트5차아파트,42557.0,168000557,서구,마전동,170601.9861,126.6679118,454696.4443,37.5941118
2024-12-31,검바위역,42349.0,168000349,서구,검암동,171456.9005,126.6777382,450947.0031,37.56035732
2024-12-31,검바위역,42348.0,168000348,서구,검암동,171424.1825,126.6773679,450948.13,37.56036646
2024-12-31,검암경서동행정복지센터,42353.0,168000353,서구,검암동,171059.9749,126.6732295,451361.2312,37.56407701
2024-12-31,검암경서동행정복지센터,42352.0,168000352,서구,검암동,171077.1688,126.6734258,451319.5201,37.56370174
2024-12-31,검암사거리,42358.0,168000358,서구,검암동,171384.1648,126.6768919,451537.9276,37.56567914
2024-12-31,검암사거리,42357.0,168000357,서구,검암동,171442.6981,126.6775604,451384.1564,37.56429552
2024-12-31,검암사거리,42356.0,168000356,서구,검암동,171471.1074,126.67788,451434.6576,37.56475141
2024-12-31,검암역(시내방면),42364.0,168000364,서구,검암동,171161.364,126.6743584,451836.0249,37.56835796
2024-12-31,검암역(원당방면),42363.0,168000363,서구,검암동,171106.1552,126.6737329,451850.639,37.5684879
2024-12-31,검암역.서해그랑블아파트,42360.0,168000360,서구,검암동,171338.7076,126.6763685,451764.8768,37.56772248
2024-12-31,검암역로열파크씨티푸르지오1단지,89167.0,168001167,서구,백석동,170413.9344,126.6658557,452888.4341,37.57781613
2024-12-31,검암역로열파크씨티푸르지오1단지,89168.0,168001168,서구,백석동,170393.6647,126.6656255,452907.2335,37.57798485
2024-12-31,검암역로열파크씨티푸르지오2단지,89169.0,168001169,서구,백석동,170851.3807,126.6708124,452773.2372,37.57679221
2024-12-31,검암역로열파크씨티푸르지오2단지,89170.0,168001170,서구,백석동,170895.1573,126.671307,452797.1782,37.5770093
2024-12-31,검암역입구,42852.0,168000852,서구,검암동,171340.8609,126.6763896,451849.1969,37.56848225
2024-12-31,검암역입구,42851.0,168000851,서구,검암동,171373.8371,126.6767626,451856.5606,37.56854962
2024-12-31,검암역입구(시천교밑),89250.0,168001250,서구,검암동,171356.2814,126.676562,451903.0884,37.56896828
2024-12-31,검암중학교,42359.0,168000359,서구,검암동,171630.158,126.6796734,451611.6478,37.56635097
2024-12-31,검암중학교,42362.0,168000362,서구,검암동,171745.8984,126.6809836,451606.915,37.56631189
2024-12-31,검암초등학교,42361.0,168000361,서구,검암동,171374.6065,126.6767748,451767.5681,37.56774785
2024-12-31,경남아너스빌,42102.0,168000102,서구,석남동,170706.348,126.6695141,444175.8877,37.49932739
2024-12-31,경남아너스빌,42099.0,168000099,서구,가좌동,170703.1589,126.6694789,444154.3583,37.49913332
2024-12-31,경남아너스빌아파트,42111.0,168000111,서구,석남동,170552.9758,126.6677741,444315.3144,37.50057872
2024-12-31,경남아너스빌아파트,42110.0,168000110,서구,석남동,170570.2215,126.6679701,444292.2096,37.5003711
2024-12-31,경남아파트,42332.0,168000332,서구,공촌동,171978.0821,126.6836729,450006.44,37.5518991
2024-12-31,경남아파트,42334.0,168000334,서구,공촌동,172015.1432,126.684091,450038.9403,37.55219305
2024-12-31,경동택배,89325.0,168001325,서구,대곡동,170875.444,126.6708921,457606.8497,37.62034231
2024-12-31,경동택배,89315.0,168001315,서구,대곡동,170864.7634,126.6707716,457595.8354,37.62024273
2024-12-31,경명초등학교,89278.0,168001278,서구,청라동,168117.2497,126.6400572,448271.522,37.53614225
2024-12-31,경명초등학교,89277.0,168001277,서구,청라동,168214.7556,126.641161,448258.2339,37.5360259
2024-12-31,경명초등학교,89216.0,168001216,서구,청라동,167862.9061,126.6371792,448279.6598,37.53620673
2024-12-31,경서농원,42333.0,168000333,서구,경서동,170210.4721,126.6636419,450688.166,37.55798574
2024-12-31,경서농원,42335.0,168000335,서구,경서동,170346.4152,126.6651793,450716.6964,37.55824719
2024-12-31,경서지구입구,42672.0,168000672,서구,경서동,169446.8146,126.6550158,450293.8815,37.5544083
2024-12-31,경서지구입구,42303.0,168000303,서구,경서동,169579.471,126.6565244,450117.0793,37.55281975
2024-12-31,경서지구입구,42671.0,168000671,서구,경서동,169462.2293,126.655192,450249.7825,37.55401149
2024-12-31,경서초등학교,42570.0,168000570,서구,경서동,169160.6467,126.6517691,450486.4967,37.55613416
2024-12-31,경서초등학교,42569.0,168000569,서구,경서동,169199.7973,126.6522133,450460.4012,37.55590036
2024-12-31,경연초중학교,89272.0,168001272,서구,청라동,166793.551,126.6250678,448558.0109,37.53867666
2024-12-31,경연초중학교,89271.0,168001271,서구,청라동,166760.736,126.6246931,448634.0645,37.53936069
2024-12-31,경연초중학교·청라센텀로제비앙,89286.0,168001286,서구,청라동,166761.3201,126.6247055,448505.0209,37.53819807
2024-12-31,경연초중학교·호반베르디움6차,89285.0,168001285,서구,청라동,166780.7436,126.6249254,448501.9227,37.53817085
2024-12-31,경인계량소,42549.0,168000549,서구,백석동,169801.4421,126.6588986,453454.7165,37.58289825
2024-12-31,경인계량소,42550.0,168000550,서구,백석동,169695.4633,126.6576983,453466.9559,37.58300503
2024-12-31,경인아라뱃길여객터미널,42869.0,168000869,서구,오류동,165185.3077,126.6067693,450707.5118,37.55798361
2024-12-31,경인특장,42547.0,168000547,서구,왕길동,169439.9829,126.6548064,453455.6507,37.58289471
2024-12-31,경인항다목적부두,89152.0,168001152,서구,오류동,165608.3326,126.6115602,450636.9418,37.5573637
2024-12-31,경인항다목적부두,89151.0,168001151,서구,오류동,165533.1849,126.6107091,450648.7041,37.55746686
2024-12-31,골드클래스,42936.0,168000936,서구,청라동,166777.5781,126.6249408,447373.1281,37.52800059
2024-12-31,공단공원앞,42740.0,168000740,서구,경서동,168164.9642,126.6405014,450474.5752,37.55599284
2024-12-31,공단공원앞,42739.0,168000739,서구,경서동,168186.7562,126.6407481,450473.0723,37.55598005
2024-12-31,공단본부,42756.0,168000756,서구,가좌동,171721.1615,126.6810828,441771.8037,37.47769862
2024-12-31,공단본부,42757.0,168000757,서구,가좌동,171748.6368,126.6813933,441774.5558,37.47772426
2024-12-31,공단본부,42270.0,168000270,서구,경서동,168235.3126,126.6413328,449661.1872,37.54866686
2024-12-31,공단사거리,89069.0,168001069,서구,오류동,165969.9093,126.6154691,454575.8413,37.59286532
2024-12-31,공단사거리,42995.0,168000995,서구,오류동,166417.7493,126.6205513,454326.7131,37.59063724
2024-12-31,공단사거리,89070.0,168001070,서구,오류동,165984.4108,126.6156326,454591.3316,37.59300542
2024-12-31,공단사거리,42996.0,168000996,서구,오류동,166410.1717,126.6204667,454300.7254,37.59040282
2024-12-31,공단유통상가,42941.0,168000941,서구,오류동,167341.8795,126.6310266,454057.3874,37.58824401
2024-12-31,공단유통상가,42940.0,168000940,서구,오류동,167401.1917,126.631698,454060.8589,37.58827739
2024-12-31,공단자동차,42022.0,168000022,서구,가좌동,171669.665,126.6804836,442213.538,37.48167701
2024-12-31,공영산업,89148.0,168001148,서구,오류동,166331.9113,126.6197378,450883.8595,37.55961512
2024-12-31,공장단지입구,42555.0,168000555,서구,왕길동,169984.9824,126.6609305,454575.81,37.59300497
2024-12-31,공촌마을,42598.0,168000598,서구,공촌동,171848.6626,126.6822144,449846.155,37.55045102
2024-12-31,공촌마을,42323.0,168000323,서구,연희동,171834.2177,126.6820525,449807.1248,37.55009892
2024-12-31,공촌사거리,42330.0,168000330,서구,연희동,171494.8011,126.6782033,450018.8131,37.55199573
2024-12-31,공촌사거리,42324.0,168000324,서구,연희동,171295.0788,126.6759414,450062.8204,37.55238602
2024-12-31,공촌사거리,42331.0,168000331,서구,연희동,171487.67,126.6781212,450056.0384,37.5523309
2024-12-31,공촌사거리(한국아파트),42322.0,168000322,서구,연희동,171208.4925,126.6749628,450031.2987,37.55209931
2024-12-31,공촌유수지체육공원,89478.0,168001478,서구,청라동,166380.8566,126.6203729,449113.6498,37.54366783
2024-12-31,공촌유수지체육공원,89479.0,168001479,서구,청라동,166451.0875,126.6211639,449193.8728,37.54439318
2024-12-31,공촌정수장,42341.0,168000341,서구,공촌동,172801.7534,126.6929946,449989.6128,37.55177221
2024-12-31,공촌정수장,42340.0,168000340,서구,공촌동,172841.8242,126.6934496,449948.4134,37.5514022
2024-12-31,공촌천,89539.0,168001539,서구,검암동,171187.6369,126.6747065,450548.2307,37.55675609
2024-12-31,관리공단본부,42720.0,168000720,서구,경서동,168224.4744,126.6412108,449645.7419,37.54852733
2024-12-31,국립생물자원관,89111.0,168001111,서구,청라동,167817.8955,126.6365672,450619.3889,37.55728549
2024-12-31,국립생물자원관입구,42741.0,168000741,서구,청라동,167782.9534,126.6361784,450469.3241,37.55593223
2024-12-31,국제금융단지,89293.0,168001293,서구,청라동,167053.3866,126.6280196,448293.1126,37.53629933
2024-12-31,국제금융단지,89292.0,168001292,서구,청라동,166977.0306,126.6271569,448267.7781,37.53606833
2024-12-31,국제성모병원,89031.0,168001031,서구,심곡동,171953.9294,126.6834419,448900.2483,37.54193182
2024-12-31,국제성모병원,89030.0,168001030,서구,심곡동,171978.8638,126.683724,448900.5785,37.54193556
2024-12-31,국제성모병원(종점),89369.0,168001369,서구,심곡동,171967.7243,126.6835985,448886.0139,37.541804
2024-12-31,귀뚜라미보일러,42003.0,168000003,서구,가좌동,172122.8246,126.6856345,441487.861,37.47515255
2024-12-31,귀뚜라미보일러,42004.0,168000004,서구,가좌동,172133.7766,126.6857578,441499.3119,37.47525606
2024-12-31,그린빌라,42602.0,168000602,서구,가정동,171686.8058,126.6805235,446203.0039,37.51762201
2024-12-31,그린빌라,42222.0,168000222,서구,가정동,171677.159,126.6804138,446218.3583,37.51776006
2024-12-31,금강종합상가,42858.0,168000858,서구,왕길동,169655.5696,126.6572154,454221.281,37.58979995
2024-12-31,금강탱크터미널,42758.0,168000758,서구,가좌동,170748.683,126.6700431,442915.843,37.48797593
2024-12-31,금강펜테리움더시글로,89392.0,168001392,서구,원당동,174264.0451,126.709387,454413.5446,37.59167286
2024-12-31,금강펜테리움더시글로,89459.0,168001459,서구,원당동,174253.7365,126.7092692,454444.0673,37.59194757
2024-12-31,금곡교차로,89370.0,168001370,서구,금곡동,167964.9333,126.6379745,456482.2007,37.61011267
2024-12-31,금곡동,42471.0,168000471,서구,금곡동,167669.1236,126.6345798,457490.3468,37.61918532
2024-12-31,금곡동,42587.0,168000587,서구,금곡동,167852.118,126.6366586,457350.8927,37.61793532
2024-12-31,금곡종점,89319.0,168001319,서구,금곡동,169086.1172,126.6506659,456632.249,37.61150298
2024-12-31,금란마트,89061.0,168001061,서구,오류동,166654.5223,126.6232064,454889.6926,37.59571811
2024-12-31,금란마트,89056.0,168001056,서구,오류동,166851.2562,126.6254368,454829.0846,37.59517917
2024-12-31,금성목재,42812.0,168000812,서구,오류동,164931.5653,126.6037137,454546.449,37.59256147
2024-12-31,금호어울림아파트,42592.0,168000592,서구,마전동,170455.2921,126.6662497,454722.8756,37.59434523
2024-12-31,금호어울림아파트,42593.0,168000593,서구,마전동,170478.985,126.6665189,454700.4882,37.59414429
2024-12-31,금호어울림아파트,42137.0,168000137,서구,석남동,170589.3627,126.6681712,444675.9287,37.50382896
2024-12-31,금호어울림아파트,42139.0,168000139,서구,석남동,170572.5801,126.6679807,444691.8804,37.50397214
2024-12-31,금호종합열처리,42801.0,168000801,서구,경서동,168540.8341,126.6448008,449410.943,37.54642272
2024-12-31,"기점(미정차)_43, 66, 87",89504.0,168001504,서구,오류동,170200.1519,126.6634358,452881.9549,37.57775085
2024-12-31,길훈아파트,42494.0,168000494,서구,불로동,172157.1861,126.6854389,456855.766,37.61361507
2024-12-31,나은병원,42056.0,168000056,서구,가좌동,171632.2839,126.6800278,443070.5092,37.48939706
2024-12-31,낚시터입구,42802.0,168000802,서구,경서동,168540.3204,126.6447942,449429.4347,37.54658931
2024-12-31,남광하우스토리,42920.0,168000920,서구,청라동,168241.2704,126.6414613,448250.1715,37.53595418
2024-12-31,남광하우스토리,42841.0,168000841,서구,청라동,168177.9009,126.6407486,448152.8002,37.5350747
2024-12-31,남광하우스토리,42921.0,168000921,서구,청라동,168292.6199,126.6420411,448277.3785,37.53620108
2024-12-31,남청라TG,89379.0,168001379,서구,청라동,165811.9569,126.6140971,445650.6182,37.51244587
2024-12-31,남청라TG,89380.0,168001380,서구,청라동,165775.4745,126.6136848,445644.4147,37.51238863
2024-12-31,녹청자박물관,42668.0,168000668,서구,경서동,169576.9819,126.6564697,450755.7187,37.55857364
2024-12-31,녹청자박물관,42669.0,168000669,서구,경서동,169583.5739,126.6565438,450765.8086,37.55866477
2024-12-31,뉴서울아파트,89071.0,168001071,서구,가정동,171671.3282,126.6803174,447007.0504,37.52486585
2024-12-31,단봉초등학교,42380.0,168000380,서구,왕길동,167988.2689,126.6382999,455086.8424,37.5975418
2024-12-31,단봉초등학교,42382.0,168000382,서구,오류동,167955.0694,126.6379231,455106.5696,37.59771837
2024-12-31,당하금호어울림1차,42435.0,168000435,서구,당하동,173348.2718,126.6990193,454381.9922,37.59136246
2024-12-31,당하대주파크빌,42392.0,168000392,서구,당하동,171436.9508,126.6773899,454086.9193,37.5886465
2024-12-31,당하동탑스빌아파트,42639.0,168000639,서구,당하동,171065.0837,126.67317,454328.0386,37.59080727
2024-12-31,당하동행정복지센터,42886.0,168001014,서구,당하동,171099.8917,126.6735592,454453.4706,37.59193848
2024-12-31,당하메디칼,42402.0,168000402,서구,당하동,171382.6797,126.6767609,454458.5002,37.59199264
2024-12-31,당하초등학교,42396.0,168000396,서구,당하동,171398.9739,126.6769513,454307.4971,37.59063266
2024-12-31,당하초등학교,42399.0,168000399,서구,당하동,171411.6323,126.6770934,454336.5028,37.59089438
2024-12-31,당하탑스빌아파트,42393.0,168000393,서구,당하동,171155.1629,126.6741961,454170.697,37.58939251
2024-12-31,당하푸르지오,42502.0,168000502,서구,마전동,171575.3535,126.678934,454675.7017,37.59395555
2024-12-31,당하푸르지오,42403.0,168000403,서구,당하동,171400.1354,126.676958,454472.354,37.59211801
2024-12-31,당하풍림아파트,42405.0,168000405,서구,마전동,171379.1479,126.6767129,454663.156,37.59383642
2024-12-31,대덕강업앞,42759.0,168000759,서구,왕길동,168971.4212,126.6494681,454248.2315,37.59001992
2024-12-31,대동아파트,42304.0,168000304,서구,심곡동,171810.9251,126.6818097,449267.04,37.54523217
2024-12-31,대동아파트,42306.0,168000306,서구,심곡동,171828.0663,126.6820027,449291.8653,37.54545636
2024-12-31,대림아파트,42609.0,168000609,서구,왕길동,169418.9889,126.6544844,455472.9024,37.60106881
2024-12-31,대림아파트,42610.0,168000610,서구,왕길동,169432.2265,126.6546356,455441.4823,37.60078617
2024-12-31,대문목재,89206.0,168001206,서구,원창동,165543.7319,126.6111185,444474.4776,37.50183913
2024-12-31,대문목재,89207.0,168001207,서구,원창동,165543.0568,126.6111123,444443.425,37.50155933
2024-12-31,대상스틸,89007.0,168001001,서구,불로동,171632.9678,126.6795133,456557.44,37.6109112
2024-12-31,대성베르힐아파트(가정성당),89240.0,168001240,서구,신현동,170175.9469,126.6634099,446787.5472,37.52284095
2024-12-31,대성베르힐아파트(가정성당),89241.0,168001241,서구,신현동,170278.0021,126.6645655,446759.0191,37.52258722
2024-12-31,대신철강,42859.0,168000859,서구,왕길동,169670.8095,126.6573898,454174.7655,37.58938136
2024-12-31,대우자동차운전학원,42263.0,168000263,서구,경서동,168846.7753,126.6482704,449230.9153,37.54481113
2024-12-31,대우자동차운전학원,42262.0,168000262,서구,경서동,168821.3226,126.6479824,449231.0751,37.5448117
2024-12-31,대우푸르지오,42842.0,168000842,서구,청라동,168150.4965,126.6404386,448151.7546,37.53506433
2024-12-31,대우푸르지오,42407.0,168000407,서구,당하동,171442.042,126.677426,454636.4628,37.59359788
2024-12-31,대우하나아파트,89073.0,168001073,서구,가정동,172030.1261,126.6843769,446990.1805,37.52472482
2024-12-31,대우하나아파트·2차리더스뷰106동,89074.0,168001074,서구,가정동,172024.1461,126.684312,446918.8285,37.52408177
2024-12-31,대원레스피아1단지아파트,42643.0,168000643,서구,마전동,169865.9645,126.6594874,456891.8418,37.61386775
2024-12-31,대은교회,42143.0,168000143,서구,석남동,170952.5974,126.672276,444753.4615,37.50453903
2024-12-31,대인고등학교,42345.0,168000345,서구,공촌동,171417.2344,126.6772998,450677.6101,37.55792893
2024-12-31,대인고등학교,42344.0,168000344,서구,공촌동,171445.8175,126.677627,450582.3103,37.55707119
2024-12-31,대인고등학교,89490.0,168001490,서구,검암동,171327.2238,126.6762864,450542.322,37.55670721
2024-12-31,대주아파트,42469.0,168000469,서구,마전동,170616.5347,126.6680115,456313.4393,37.60868087
2024-12-31,대주파크빌,42466.0,168000466,서구,마전동,170530.2448,126.6670304,456409.2717,37.60954152
2024-12-31,대현목재,89205.0,168001205,서구,원창동,165292.0997,126.6082679,444579.1186,37.50277248
2024-12-31,도담공원.푸르지오더베뉴,89398.0,168001398,서구,원당동,174486.1349,126.711877,455120.3911,37.59804755
2024-12-31,도담공원.푸르지오더베뉴,89397.0,168001397,서구,원당동,174481.3731,126.7118241,455089.951,37.59777316
2024-12-31,도담공원·인천이음중학교(서측),89482.0,168001482,서구,원당동,174320.2258,126.7099921,455295.7965,37.59962327
2024-12-31,도담공원·인천이음중학교(서측),89547.0,168001547,서구,원당동,174303.2223,126.7098003,455274.8589,37.59943416
2024-12-31,도림주철관1공장,89307.0,168001307,서구,경서동,168738.7287,126.6470114,450084.9226,37.55250185
2024-12-31,도림주철관공업(주),42293.0,168000293,서구,경서동,168736.148,126.646976,450229.384,37.55380332
2024-12-31,독골사거리,42175.0,168000175,서구,신현동,170545.5073,126.6676317,445761.0784,37.51360456
2024-12-31,독정역(서구동구예비군훈련장),42378.0,168000378,서구,당하동,171340.893,126.6763207,453617.744,37.58441637
2024-12-31,독정역(서구동구예비군훈련장),42377.0,168000377,서구,백석동,171294.1435,126.6757893,453670.9655,37.58489442
2024-12-31,동문아파트,42436.0,168000436,서구,당하동,172886.9775,126.6937862,454654.1282,37.59380083
2024-12-31,동성.길훈아파트,42495.0,168000495,서구,불로동,172280.2803,126.6868252,457063.6685,37.61549193
2024-12-31,동성아파트,42496.0,168000496,서구,불로동,172303.3423,126.6870869,457049.2594,37.61536281
2024-12-31,동아아파트,42406.0,168000406,서구,마전동,170950.7475,126.671856,454817.0471,37.59520948
2024-12-31,동아아파트,42404.0,168000404,서구,마전동,170953.6585,126.6718903,454783.5706,37.59490796
2024-12-31,동아전기,42647.0,168000647,서구,불로동,173319.053,126.6986162,456360.7769,37.60918988
2024-12-31,동아전기,42725.0,168000725,서구,불로동,173300.1137,126.6984027,456333.8914,37.6089471
2024-12-31,동아정밀,42037.0,168000037,서구,가좌동,170989.7888,126.6727688,442926.3958,37.48807863
2024-12-31,동양엔파트4단지,42837.0,168000837,서구,청라동,168450.2453,126.6438554,447559.2274,37.52973612
2024-12-31,동양엔파트4단지,42820.0,168000820,서구,청라동,168459.7307,126.643961,447600.3926,37.53010733
2024-12-31,동양엔파트5단지,42986.0,168000986,서구,청라동,166603.8506,126.6229899,447054.2611,37.5251214
2024-12-31,동양하이테크,42966.0,168000966,서구,경서동,168613.3883,126.6456021,449872.0134,37.55057932
2024-12-31,두밀경노당,89331.0,168001331,서구,대곡동,170233.2756,126.6635813,458515.3645,37.62850709
2024-12-31,두밀경노당,89328.0,168001328,서구,대곡동,170234.2769,126.663592,458530.0502,37.62863944
2024-12-31,드림파크야생화단지,89363.0,168001363,서구,오류동,170039.1677,126.6616134,452881.5133,37.57774163
2024-12-31,드림파크야생화단지,89364.0,168001364,서구,오류동,170068.9615,126.6619495,452911.3626,37.57801154
2024-12-31,디에트르더힐,89464.0,168001464,서구,원당동,174301.343,126.7097733,455439.4598,37.60091711
2024-12-31,디에트르더힐,89455.0,168001455,서구,원당동,174371.4478,126.7105663,455462.7592,37.60112899
2024-12-31,디에트르더힐(고산터널),89396.0,168001396,서구,원당동,174174.9094,126.708341,455454.8856,37.60105255
2024-12-31,레이크파크,42840.0,168000840,서구,청라동,168140.6849,126.6403476,447691.6086,37.53091819
2024-12-31,로봇랜드입구,89023.0,168001023,서구,청라동,166548.4365,126.6223442,447468.6457,37.52885289
2024-12-31,로봇랜드입구,89022.0,168001022,서구,청라동,166557.2844,126.6224458,447435.848,37.52855771
2024-12-31,로봇타워,89301.0,168001301,서구,청라동,165656.5476,126.6122992,446508.8702,37.52017273
2024-12-31,로봇타워,89302.0,168001302,서구,청라동,165675.8291,126.6125175,446504.2457,37.52013179
2024-12-31,롯데마트,42829.0,168001004,서구,청라동,168883.916,126.6487617,447556.8244,37.52972923
2024-12-31,롯데마트,42838.0,168001005,서구,청라동,169021.3269,126.6503143,447601.9689,37.5301406
2024-12-31,롯데슈퍼,42206.0,168000206,서구,신현동,170663.2512,126.6689486,446132.9553,37.51695886
2024-12-31,롯데슈퍼,42207.0,168000207,서구,신현동,170646.6075,126.6687596,446149.5592,37.51710792
2024-12-31,롯데캐슬,42999.0,168000999,서구,청라동,168668.4995,126.6463229,447599.0431,37.5301023
2024-12-31,롯데캐슬,42835.0,168000835,서구,청라동,168933.6227,126.6493179,447701.5373,37.53103473
2024-12-31,롯데캐슬,42884.0,168000884,서구,청라동,168851.3,126.6483909,447599.8552,37.53011582
2024-12-31,루에블리아파트,89284.0,168001284,서구,가정동,170700.7922,126.6693449,446841.1313,37.52334058
2024-12-31,루에블리아파트,89283.0,168001283,서구,신현동,170681.1701,126.6691233,446831.2049,37.52325052
2024-12-31,루원더퍼스트아파트,89108.0,168001108,서구,가정동,170352.8093,126.6653647,447922.9248,37.53307618
2024-12-31,루원더퍼스트아파트,89107.0,168001107,서구,가정동,170351.1058,126.6653443,447951.3175,37.53333193
2024-12-31,루원더퍼스트아파트105동앞,89378.0,168001378,서구,청라동,170165.8553,126.663241,448133.0719,37.53496351
2024-12-31,루원린스트라우스더린시티,42234.0,168000234,서구,가정동,171401.4995,126.677284,446518.7079,37.52045763
2024-12-31,루원숲속마을,89383.0,168001383,서구,가정동,170733.8992,126.6696706,448064.3792,37.53436284
2024-12-31,루원숲속마을,89384.0,168001384,서구,가정동,170707.7215,126.6693746,448061.095,37.53433242
2024-12-31,루원시티2차리더스뷰아파트,89072.0,168001072,서구,가정동,171689.6847,126.6805275,446944.9662,37.52430704
2024-12-31,루원시티사거리,89077.0,168001077,서구,가정동,171363.9791,126.6768323,447218.366,37.52676025
2024-12-31,루원시티사거리,89076.0,168001076,서구,가정동,171424.3357,126.6775202,447088.1625,37.52558902
2024-12-31,루원시티어울림아파트,89185.0,168001185,서구,가정동,170562.5872,126.6677381,447923.3533,37.53308677
2024-12-31,루원시티어울림아파트,89184.0,168001184,서구,가정동,170500.439,126.667034,447947.0327,37.53329812
2024-12-31,루원시티프라디움,89150.0,168001150,서구,가정동,170611.8909,126.6683209,447298.1603,37.52745549
2024-12-31,루원시티프라디움105동,89309.0,168001309,서구,가정동,170711.1325,126.669451,447113.5437,37.52579529
2024-12-31,루원시티프라디움105동,89308.0,168001308,서구,가정동,170688.6357,126.6691926,447211.7253,37.52667917
2024-12-31,루원이편한세상하늘채(107동),42225.0,168000225,서구,신현동,171031.5707,126.6730955,446618.8599,37.52134842
2024-12-31,루원이편한세상하늘채(112동),42721.0,168000721,서구,신현동,170688.1562,126.6692094,446654.4537,37.52165825
2024-12-31,루원이편한세상하늘채(125동),42216.0,168000216,서구,신현동,170677.5468,126.6690992,446410.108,37.5194564
2024-12-31,루원제일풍경채정문앞,89040.0,168001040,서구,가정동,170413.1023,126.6660558,447701.5616,37.53108368
2024-12-31,루원중학교,89494.0,168001494,서구,가정동,170728.3755,126.66962,447767.5909,37.53168867
2024-12-31,루원중학교,89493.0,168001493,서구,가정동,170701.0749,126.6693111,447767.1482,37.53168381
2024-12-31,루원지웰시티푸르지오,42228.0,168000228,서구,가정동,171058.1904,126.6733945,446673.621,37.52184265
2024-12-31,루원호반베르디움,89149.0,168001149,서구,가정동,170554.2041,126.6676678,447311.3702,37.52757266
2024-12-31,루원호반베르디움104동,89368.0,168001368,서구,가정동,170688.2765,126.6691821,447373.0196,37.52813239
2024-12-31,린스트라우스,42831.0,168000831,서구,청라동,168996.667,126.6500118,448158.8413,37.53515706
2024-12-31,린스트라우스,42881.0,168000881,서구,청라동,169075.8935,126.6509046,448243.8937,37.53592603
2024-12-31,린스트라우스정문,42795.0,168000795,서구,청라동,169277.8426,126.6531951,448109.8173,37.53472479
2024-12-31,마니교통차고지,89496.0,168001496,서구,원창동,169117.3899,126.6514574,446264.7986,37.51809621
2024-12-31,마전고등학교,42753.0,168000753,서구,마전동,170352.8319,126.6650144,456577.0612,37.61104753
2024-12-31,마전고등학교,42752.0,168000752,서구,마전동,170317.4797,126.6646123,456618.7137,37.61142167
2024-12-31,마전역,42412.0,168000412,서구,마전동,170474.799,126.6664538,455139.4403,37.59809897
2024-12-31,마전역,42413.0,168000413,서구,마전동,170540.8454,126.667203,455107.4205,37.5978126
2024-12-31,마전주공아파트,89322.0,168001322,서구,왕길동,168912.9209,126.6487391,455817.1903,37.60415374
2024-12-31,마전주공아파트,42420.0,168000420,서구,금곡동,168908.5111,126.6486882,455837.5744,37.60433724
2024-12-31,마전지구대원아파트,89446.0,168001446,서구,마전동,170114.6841,126.6623127,456688.6628,37.61204531
2024-12-31,마전지구대원아파트,42481.0,168000481,서구,마전동,170115.1611,126.6623189,456668.8542,37.61186685
2024-12-31,마전지구버스차고지,89259.0,168001259,서구,마전동,169552.0541,126.6559288,456970.889,37.61456958
2024-12-31,마전지구버스차고지,89345.0,168001345,서구,마전동,169553.1194,126.65594,456991.8175,37.61475817
2024-12-31,마전초등학교,42408.0,168000408,서구,마전동,170733.878,126.6693967,454910.1991,37.59604187
2024-12-31,만수산입구,89544.0,168001544,서구,불로동,171636.6805,126.679556,456539.4343,37.61074909
2024-12-31,메이루즈커낼파크뷰,42747.0,168000747,서구,청라동,169354.0417,126.65405,448282.5804,37.53628389
2024-12-31,메이루즈커낼파크뷰,42762.0,168000762,서구,청라동,169345.4227,126.6539539,448247.822,37.53597043
2024-12-31,메이루즈커낼파크뷰정문,42794.0,168000794,서구,청라동,169298.4579,126.6534277,448124.7282,37.53485982
2024-12-31,모다아울렛,89190.0,168001190,서구,원창동,168843.5593,126.6483959,445420.1754,37.51047711
2024-12-31,모래방죽사거리,89228.0,168001228,서구,가좌동,170006.3726,126.6616039,444041.4689,37.49809379
2024-12-31,모래방죽사거리,89229.0,168001229,서구,가좌동,169964.0555,126.6611254,444041.1936,37.49808994
2024-12-31,목재단지,42036.0,168000036,서구,가좌동,170252.8322,126.6644251,443198.9113,37.49051047
2024-12-31,목재부두사거리,42960.0,168000960,서구,석남동,168226.5501,126.6414662,444292.2536,37.50029369
2024-12-31,목재부두사거리,42949.0,168000949,서구,석남동,168262.3018,126.6418715,444268.8861,37.50008439
2024-12-31,미주탕,42124.0,168000124,서구,가좌동,171872.739,126.6827144,443913.1252,37.49699628
2024-12-31,미주탕,42123.0,168000123,서구,가좌동,171809.0722,126.6819942,443918.9717,37.49704701
2024-12-31,바로크아파트,42530.0,168000530,서구,가정동,171590.4073,126.6794238,446443.588,37.51978666
2024-12-31,반도유보라,42905.0,168000905,서구,청라동,166968.1296,126.627113,447006.1489,37.52470105
2024-12-31,반도유보라,42985.0,168000985,서구,청라동,166624.272,126.6232205,447063.3254,37.5252038
2024-12-31,반도유보라,42904.0,168000904,서구,청라동,166938.5027,126.6267773,447017.065,37.52479834
2024-12-31,반도유보라,42963.0,168000963,서구,청라동,166748.7786,126.6246225,447206.3769,37.52649717
2024-12-31,반찬단지,89426.0,168001426,서구,원창동,167366.1596,126.6316914,445301.7746,37.50935921
2024-12-31,반찬단지,89427.0,168001427,서구,원창동,167395.4146,126.632023,445286.8425,37.50922571
2024-12-31,발산초등학교(풍림아이원),42433.0,168000433,서구,당하동,173322.7814,126.6987308,454377.1637,37.59131822
2024-12-31,방죽삼거리,42683.0,168000683,서구,석남동,169982.1807,126.6613217,444252.4224,37.49999366
2024-12-31,방죽삼거리,42681.0,168000681,서구,석남동,170026.014,126.6618174,444251.7481,37.49998901
2024-12-31,배수지입구,42774.0,168000774,서구,가좌동,172591.9603,126.6908549,443715.2816,37.4952354
2024-12-31,백두아파트,42632.0,168000632,서구,불로동,172190.6056,126.6858145,456932.0148,37.61430306
2024-12-31,백석고가(하이마트),42578.0,168000578,서구,당하동,171268.8357,126.6754932,453916.2379,37.58710347
2024-12-31,백석고가(하이마트),42381.0,168000381,서구,당하동,171233.5554,126.6750943,453902.5161,37.58697873
2024-12-31,백석중.고등학교,42375.0,168000375,서구,백석동,171238.699,126.6751826,453138.2757,37.58009331
2024-12-31,백석중.고등학교,42374.0,168000374,서구,백석동,171264.4399,126.6754744,453127.6334,37.57999823
2024-12-31,백석중사거리,89239.0,168001239,서구,백석동,171065.2651,126.6732326,452798.0559,37.57702258
2024-12-31,범양상가,42118.0,168000118,서구,가좌동,172222.5987,126.6866786,443706.2681,37.49514313
2024-12-31,범양상가,42122.0,168000122,서구,가좌동,172227.2089,126.6867298,443728.3819,37.49534251
2024-12-31,범양아파트,42116.0,168000116,서구,가좌동,172335.1253,126.6879523,443672.9093,37.49484596
2024-12-31,범양아파트(종점),42127.0,168000127,서구,가좌동,172477.923,126.689566,443700.2841,37.49509688
2024-12-31,베어즈베스트골프장,89269.0,168001269,서구,청라동,167424.2979,126.6321732,449260.0775,37.54502462
2024-12-31,베어즈베스트골프장,89268.0,168001268,서구,청라동,167379.2372,126.63166,449334.2399,37.54569121
2024-12-31,베어즈베스트청라GC,89046.0,168001046,서구,청라동,167420.1345,126.632129,449194.4053,37.54443279
2024-12-31,베어즈베스트청라GC,89047.0,168001047,서구,청라동,167379.3019,126.6316666,449203.2524,37.54451105
2024-12-31,보람프라자앞,42442.0,168000442,서구,당하동,173173.6969,126.6970341,454615.9359,37.59346515
2024-12-31,보스턴힐,89461.0,168001461,서구,원당동,173347.6448,126.6989888,455021.8339,37.59712723
2024-12-31,보스턴힐,89462.0,168001462,서구,원당동,173368.1038,126.6992204,455023.9182,37.59714661
2024-12-31,보트비,89425.0,168001425,서구,원창동,168056.6803,126.6395021,445282.1861,37.50920692
2024-12-31,보트비,89424.0,168001424,서구,원창동,168054.6176,126.6394782,445295.3677,37.50932561
2024-12-31,봉수대로1581번길,89563.0,168001563,서구,금곡동,168105.6777,126.639555,456790.6252,37.61289636
2024-12-31,봉수대로1581번길,89562.0,168001562,서구,금곡동,168111.5189,126.6396216,456780.4677,37.61280505
2024-12-31,봉수대로501번길,89507.0,168001507,서구,청라동,169050.1729,126.6506848,446555.8694,37.52071644
2024-12-31,봉수대로501번길,89506.0,168001506,서구,청라동,169052.8718,126.6507164,446532.0917,37.5205023
2024-12-31,부대앞,42343.0,168000343,서구,공촌동,173122.0739,126.6966213,449941.572,37.55134879
2024-12-31,부대앞,42342.0,168000342,서구,공촌동,173152.5282,126.6969673,449902.4872,37.55099754
2024-12-31,북인천하부TG(미정차),42901.0,168000901,서구,청라동,166087.1742,126.6169951,450297.5962,37.55432407
2024-12-31,북인천하부TG(미정차),89287.0,168001287,서구,청라동,166073.8417,126.6168422,450340.5411,37.5547105
2024-12-31,북항다목적부두,89209.0,168001209,서구,원창동,167410.3074,126.6322045,444991.7088,37.50656715
2024-12-31,북항다목적부두,89208.0,168001208,서구,원창동,167444.6878,126.6325921,445020.319,37.50682614
2024-12-31,북항배후단지입구,89343.0,168001343,서구,원창동,167065.9349,126.6283368,444389.043,37.50112502
2024-12-31,북항배후로입구,89414.0,168001414,서구,청라동,165746.398,126.6133431,445919.0367,37.51486182
2024-12-31,북항사업소,89210.0,168001210,서구,원창동,167066.4121,126.6283225,444827.7046,37.50507728
2024-12-31,북항사업소,89211.0,168001211,서구,원창동,167105.944,126.6287713,444789.2711,37.50473242
2024-12-31,북항입구,89304.0,168001304,서구,원창동,168720.4198,126.6470205,445012.7049,37.50680171
2024-12-31,북항입구,89305.0,168001305,서구,석남동,168706.3926,126.6468629,444987.2212,37.50657163
2024-12-31,불로대곡동행정복지센터,42498.0,168000498,서구,불로동,172455.939,126.688807,457266.9287,37.61732853
2024-12-31,불로대곡동행정복지센터,42497.0,168000497,서구,불로동,172413.1831,126.6883237,457243.3111,37.61711446
2024-12-31,불로삼거리,89570.0,168001570,서구,불로동,172002.5142,126.6836908,456759.0716,37.61273918
2024-12-31,불로중학교,42652.0,168000652,서구,불로동,173144.1806,126.6966095,457073.3869,37.61560518
2024-12-31,불로중학교,42648.0,168000648,서구,불로동,173102.1885,126.6961312,457146.666,37.61626417
2024-12-31,뷰티풀파크관리공단,42805.0,168000805,서구,오류동,164956.5951,126.6040248,453968.8253,37.58735825
2024-12-31,뷰티풀파크관리공단,42806.0,168000806,서구,오류동,164978.5836,126.6042744,453953.6365,37.58722224
2024-12-31,뷰티풀파크버스공영차고지,42803.0,168000803,서구,오류동,165143.2255,126.6061276,454183.0928,37.58929581
2024-12-31,뷰티풀파크버스공영차고지,42804.0,168000804,서구,오류동,165164.6335,126.6063708,454164.1996,37.58912641
2024-12-31,브라운스톤더프라임,42603.0,168000603,서구,석남동,171497.8391,126.6784329,444995.7338,37.50673889
2024-12-31,브라운스톤더프라임,42152.0,168000152,서구,석남동,171515.4669,126.6786332,444972.8188,37.50653298
2024-12-31,빈정공원,42571.0,168000571,서구,검암동,170999.7167,126.6725788,450570.4408,37.55695029
2024-12-31,빈정공원,42670.0,168000670,서구,검암동,171019.8195,126.6728071,450552.4408,37.55678875
2024-12-31,빈정내사거리,42329.0,168000329,서구,연희동,171032.0689,126.6729586,450227.1415,37.55385827
2024-12-31,빈정내사거리,42327.0,168000327,서구,연희동,171054.0834,126.673211,450143.57,37.553106
2024-12-31,사염공원,89038.0,168001038,서구,청라동,168064.0693,126.6394271,448924.5777,37.54202428
2024-12-31,사염공원,89037.0,168001037,서구,청라동,168065.377,126.6394436,448885.4704,37.54167198
2024-12-31,사원아파트입구,42777.0,168000777,서구,가좌동,168766.5018,126.6476043,443540.5343,37.49353929
2024-12-31,사조해표,42019.0,168000019,서구,가좌동,169955.3405,126.6610753,442855.9549,37.48741084
2024-12-31,사조해표,42020.0,168000020,서구,가좌동,169919.3345,126.6606675,442873.0785,37.48756395
2024-12-31,산업용품센타,42525.0,168000525,서구,가좌동,169532.0962,126.6562879,442899.8172,37.48779215
2024-12-31,삼라마이다스아파트,89317.0,168001317,서구,대곡동,171135.7825,126.6738776,456679.644,37.61199672
2024-12-31,삼라마이다스아파트,89323.0,168001323,서구,대곡동,171153.4722,126.6740778,456682.9817,37.61202735
2024-12-31,삼보아파트,42351.0,168000351,서구,검암동,171054.0329,126.6731703,451159.0178,37.56225493
2024-12-31,삼보아파트,42350.0,168000350,서구,검암동,171069.9208,126.6733507,451142.7104,37.56210851
2024-12-31,삼양사인천1공장,42027.0,168000027,서구,가좌동,171386.5099,126.6772686,442562.2858,37.48481044
2024-12-31,삼양사인천1공장,42031.0,168000031,서구,가좌동,171427.28,126.6777292,442574.002,37.48491727
2024-12-31,삼영물류,42068.0,168000068,서구,석남동,169331.8957,126.653972,444153.4139,37.49908021
2024-12-31,삼영아파트,42085.0,168000085,서구,가좌동,170907.7614,126.6718052,443839.0813,37.4962992
2024-12-31,삼영테크,89062.0,168001062,서구,오류동,166320.0147,126.6194134,455005.6799,37.59675091
2024-12-31,삼영테크,89055.0,168001055,서구,오류동,166303.2146,126.619224,454987.1511,37.59658335
2024-12-31,삼정프라자,42443.0,168000443,서구,원당동,173142.8854,126.6966838,454653.6613,37.59380414
2024-12-31,새별공원,89468.0,168001468,서구,당하동,174963.9298,126.7173397,453592.5063,37.58429486
2024-12-31,샘내들교,89519.0,168001519,서구,연희동,170300.2304,126.6647381,448707.0959,37.54013969
2024-12-31,샘내들교,89518.0,168001518,서구,연희동,170392.5722,126.665782,448730.3977,37.5403526
2024-12-31,서곶지구대,42339.0,168000339,서구,검암동,171052.6673,126.6731761,450621.1401,37.55740875
2024-12-31,서곶지구대,42338.0,168000338,서구,검암동,171035.8051,126.6729856,450612.8477,37.5573335
2024-12-31,서구국민체육센터,42776.0,168000776,서구,검암동,171523.2978,126.678466,451556.0171,37.56584644
2024-12-31,서구문화회관,42212.0,168000212,서구,가정동,171562.9422,126.6791315,445970.5634,37.51552395
2024-12-31,서구문화회관,42213.0,168000213,서구,가정동,171547.3811,126.6789542,446004.026,37.51582496
2024-12-31,서구보건소,42283.0,168000283,서구,심곡동,170995.8614,126.6725907,449168.2324,37.54431661
2024-12-31,서구보건소,42285.0,168000285,서구,심곡동,171011.7151,126.6727659,449275.5834,37.54528431
2024-12-31,서구영어마을,42448.0,168000448,서구,당하동,173838.4058,126.7045665,454448.551,37.59197623
2024-12-31,서구영어마을,42449.0,168000449,서구,당하동,173922.3043,126.7055163,454452.0145,37.59200982
2024-12-31,서구청역(1번출구),42289.0,168000289,서구,심곡동,171394.0567,126.6770946,449215.0538,37.54475092
2024-12-31,서구청역(3번출구),42284.0,168000284,서구,심곡동,171356.6669,126.6766781,449046.38,37.54323004
2024-12-31,서구청역(4번출구),42296.0,168000296,서구,심곡동,171366.9129,126.6767843,449296.0878,37.54548017
2024-12-31,서부경찰서,42286.0,168000286,서구,심곡동,171473.3818,126.6779967,449099.2798,37.54371028
2024-12-31,서부공단입구,42299.0,168000299,서구,경서동,168278.6071,126.6417853,450524.6231,37.55644768
2024-12-31,서부공단입구,42301.0,168000301,서구,경서동,169523.6885,126.6558945,450083.8054,37.55251811
2024-12-31,서부산업단지,89036.0,168001036,서구,청라동,167671.1427,126.6349135,450456.6017,37.55581368
2024-12-31,서부산업단지,89035.0,168001035,서구,청라동,167638.7847,126.6345544,450297.9648,37.55438327
2024-12-31,서인천가구단지,42800.0,168000800,서구,가좌동,170727.5575,126.6698192,442540.1797,37.48459059
2024-12-31,서인천가구단지,42028.0,168000028,서구,가좌동,170833.6853,126.671009,442794.6847,37.486887
2024-12-31,서인천가구단지,42017.0,168000017,서구,가좌동,170706.3861,126.6695786,442570.0405,37.48485896
2024-12-31,서인천고등학교,42346.0,168000346,서구,검암동,171064.9661,126.673304,450905.4631,37.55997081
2024-12-31,서인천농협,42277.0,168000277,서구,심곡동,171377.0573,126.6769161,448861.3768,37.54156384
2024-12-31,서인천농협,42275.0,168000275,서구,심곡동,171338.6945,126.6764846,448794.1653,37.54095709
2024-12-31,서인천세무서,89044.0,168001044,서구,청라동,166721.6592,126.6242967,447626.8926,37.53028493
2024-12-31,서인천세무서,89481.0,168001481,서구,청라동,166674.9135,126.6237626,447741.5022,37.53131584
2024-12-31,서인천세무서(중),89275.0,168001275,서구,청라동,166703.2624,126.6240903,447587.2808,37.52992737
2024-12-31,서인천세무서(중),89276.0,168001276,서구,청라동,166729.2246,126.6243845,447577.3148,37.52983852
2024-12-31,서인천자동차검사소,42641.0,168000641,서구,가좌동,168965.3707,126.6498273,444149.4308,37.49903205
2024-12-31,서인천자동차검사소,42640.0,168000640,서구,석남동,168959.3545,126.6497583,444171.4345,37.4992301
2024-12-31,서해그랑블,42912.0,168000912,서구,청라동,169549.8434,126.6562887,447719.1772,37.53121425
2024-12-31,서해그랑블,42790.0,168000790,서구,청라동,169436.2221,126.6550098,447562.5422,37.52979924
2024-12-31,서해그랑블,42789.0,168000789,서구,청라동,169439.807,126.6550491,447591.3255,37.53005869
2024-12-31,서해아파트,42355.0,168000355,서구,검암동,171132.2529,126.6740421,451500.0559,37.56533006
2024-12-31,서해아파트,42354.0,168000354,서구,검암동,171129.0689,126.6740071,451473.9467,37.56509472
2024-12-31,석남고가교입구사거리,42655.0,168000655,서구,석남동,170912.218,126.6718105,444978.026,37.50656105
2024-12-31,석남고가사거리,42145.0,168000145,서구,석남동,170943.7522,126.6721703,444896.5958,37.50582837
2024-12-31,석남고가사거리,42151.0,168000151,서구,석남동,170967.6925,126.6724369,445003.204,37.50678965
2024-12-31,석남금호어울림아파트101동,42656.0,168000656,서구,석남동,170754.5822,126.6700286,444954.9827,37.50634844
2024-12-31,석남도서관,42182.0,168000182,서구,석남동,171542.7409,126.6789194,445546.0738,37.51169875
2024-12-31,석남동차고지,89156.0,168001156,서구,석남동,169596.5464,126.6569479,444560.731,37.50275883
2024-12-31,석남서초등학교,42108.0,168000108,서구,석남동,170872.1058,126.6713886,444176.5049,37.49933821
2024-12-31,석남신사거리,42149.0,168000149,서구,석남동,170593.974,126.6682054,445122.982,37.50785697
2024-12-31,석남신사거리,42150.0,168000150,서구,석남동,170612.5601,126.6684156,445124.0596,37.50786728
2024-12-31,석남역(5번출구),42577.0,168000577,서구,석남동,171007.2393,126.6728865,444942.8163,37.50624681
2024-12-31,석남중앙교회,42138.0,168000138,서구,석남동,171465.2272,126.6780894,444345.7421,37.50088156
2024-12-31,석남중학교,42126.0,168000126,서구,가좌동,171512.318,126.6786333,444052.2884,37.49823905
2024-12-31,석남중학교,42128.0,168000128,서구,석남동,171523.2323,126.6787558,444075.3505,37.49844717
2024-12-31,석남초등학교,42165.0,168000165,서구,석남동,171511.5147,126.6785766,445280.2717,37.50930295
2024-12-31,석남초등학교,42167.0,168000167,서구,석남동,171530.7325,126.6787929,445306.3952,37.50953892
2024-12-31,선경그린빌라,42541.0,168000541,서구,연희동,171199.3117,126.6748727,449679.7721,37.54893185
2024-12-31,선경그린빌라,42307.0,168000307,서구,연희동,171190.2118,126.6747698,449679.1236,37.54892572
2024-12-31,성민병원,42159.0,168000159,서구,석남동,170963.9766,126.6723828,445308.247,37.50953791
2024-12-31,성민병원,42162.0,168000162,서구,석남동,170987.8368,126.6726488,445406.1945,37.51042115
2024-12-31,성보공업,42007.0,168000007,서구,가좌동,171007.9305,126.6730068,442093.0108,37.48057051
2024-12-31,성신아크릴산업,89327.0,168001327,서구,대곡동,170603.7574,126.6677823,458412.8979,37.62759585
2024-12-31,성신아크릴산업,89313.0,168001313,서구,대곡동,170607.4288,126.6678245,458396.5433,37.62744862
2024-12-31,성웅아파트,42048.0,168000048,서구,가좌동,170854.229,126.6712259,443182.4606,37.49038146
2024-12-31,성웅아파트,42051.0,168000051,서구,가좌동,170878.3037,126.6714941,443283.0136,37.49128819
2024-12-31,소첨도공원,89540.0,168001540,서구,원창동,167069.8686,126.6283346,445429.9869,37.51050384
2024-12-31,소첨도공원,89541.0,168001541,서구,원창동,167099.6072,126.6286705,445439.2019,37.51058793
2024-12-31,쇠골큰말,89318.0,168001318,서구,금곡동,169053.408,126.650318,456100.5576,37.60671152
2024-12-31,쇠골큰말,89321.0,168001321,서구,금곡동,169037.7209,126.6501403,456100.5576,37.606711
2024-12-31,쉐보레출고사무소,89160.0,168001160,서구,오류동,165400.4944,126.6091672,451500.2396,37.56513395
2024-12-31,스포월드골프연습장,42440.0,168000440,서구,금곡동,168582.6184,126.6449751,456363.5691,37.60906518
2024-12-31,스포월드골프연습장,42439.0,168000439,서구,금곡동,168576.0263,126.6449026,456313.9382,37.6086178
2024-12-31,시립가좌테니스장,37581.0,163000581,서구,가좌동,171554.7153,126.6792141,441434.0267,37.47465017
2024-12-31,신검단중앙역풍경채어바니티,89571.0,168001571,서구,불로동,173320.5803,126.6986486,455947.0722,37.60546257
2024-12-31,신명스카이뷰,42737.0,168000737,서구,불로동,172933.5223,126.6942077,457500.4973,37.61944712
2024-12-31,신명아파트,42081.0,168000081,서구,가좌동,170885.3145,126.6715541,443768.4766,37.49566236
2024-12-31,신명아파트앞,42799.0,168000799,서구,왕길동,169366.3834,126.6538827,455614.8097,37.60234559
2024-12-31,신북항고가교,42109.0,168000109,서구,석남동,168876.7339,126.6487911,444947.8354,37.50622254
2024-12-31,신북항고가교,42104.0,168000104,서구,석남동,168829.5226,126.6482596,444890.0643,37.50570044
2024-12-31,신한에이엠,89147.0,168001147,서구,오류동,166319.4744,126.6195955,450916.9519,37.55991281
2024-12-31,신현119안전센터,42596.0,168000596,서구,가정동,171011.0222,126.6728926,445871.4769,37.514614
2024-12-31,신현119안전센터,42600.0,168000600,서구,신현동,170991.3167,126.6726705,445852.2655,37.51444028
2024-12-31,신현북초등학교,42211.0,168000211,서구,신현동,170561.9106,126.6677983,446232.4416,37.51785198
2024-12-31,신현북초등학교,42210.0,168000210,서구,신현동,170560.853,126.667787,446214.4202,37.51768957
2024-12-31,신현북초등학교,42209.0,168000209,서구,신현동,170500.6948,126.6671057,446235.1952,37.51787483
2024-12-31,신현북초등학교,42208.0,168000208,서구,신현동,170507.6585,126.6671853,446216.3419,37.51770519
2024-12-31,신현쇼핑,42220.0,168000220,서구,가정동,171039.1651,126.6731896,446411.2243,37.5194779
2024-12-31,신현쇼핑,42217.0,168000217,서구,신현동,171011.7222,126.6728848,446269.7703,37.51820257
2024-12-31,신현여자중학교후문,42680.0,168000680,서구,신현동,170066.1145,126.6621853,446350.9252,37.51890351
2024-12-31,신현여자중학교후문,42214.0,168000214,서구,신현동,170106.1665,126.6626387,446343.4131,37.51883713
2024-12-31,신현중학교,42205.0,168000205,서구,신현동,170176.1948,126.6634346,446249.0183,37.51798892
2024-12-31,신현초등학교,42179.0,168000179,서구,신현동,170853.9215,126.6711202,445757.8472,37.51358526
2024-12-31,신현초등학교,42178.0,168000178,서구,석남동,170801.1327,126.6705237,445742.9961,37.51344978
2024-12-31,신화빌라,42626.0,168000626,서구,가정동,171389.336,126.6771649,446046.2839,37.5162008
2024-12-31,신화슈퍼,89326.0,168001326,서구,대곡동,170697.546,126.6688722,457729.6761,37.62144327
2024-12-31,신화슈퍼,89314.0,168001314,서구,대곡동,170688.868,126.6687746,457711.6527,37.6212806
2024-12-31,실내게이트볼장(신현중학교),42204.0,168000204,서구,신현동,170195.0208,126.6636483,446230.1424,37.51781946
2024-12-31,심곡극동아파트,42273.0,168000273,서구,심곡동,170990.8722,126.6725461,448868.3747,37.5416148
2024-12-31,심곡극동아파트,42272.0,168000272,서구,심곡동,170980.998,126.6724364,448818.8031,37.54116786
2024-12-31,심곡도서관,42946.0,168000946,서구,심곡동,171025.0848,126.6729298,448955.8829,37.54240431
2024-12-31,심곡도서관,89223.0,168001223,서구,심곡동,171029.9888,126.672986,448936.6018,37.54223074
2024-12-31,심곡동광명아파트,89154.0,168001154,서구,심곡동,170822.0912,126.6706339,448930.0248,37.54216492
2024-12-31,심곡동광명아파트,89153.0,168001153,서구,심곡동,170820.374,126.6706137,448951.1055,37.54235479
2024-12-31,심곡천(심곡3교),89382.0,168001382,서구,청라동,166864.8079,126.625968,446478.9719,37.5199476
2024-12-31,심곡천(심곡3교),89381.0,168001381,서구,청라동,166862.7476,126.6259439,446496.2007,37.52010276
2024-12-31,심곡천봉수교,42875.0,168001006,서구,청라동,169912.5653,126.6603984,447571.2051,37.52989298
2024-12-31,심곡천봉수교,42951.0,168000951,서구,청라동,169971.5933,126.6610652,447594.0035,37.53010031
2024-12-31,심곡초등학교(국제성모병원),42288.0,168000288,서구,심곡동,171802.1575,126.6817186,449055.8334,37.54332897
2024-12-31,심곡초등학교(국제성모병원),42290.0,168000290,서구,심곡동,171822.1964,126.6819451,449061.5104,37.54338074
2024-12-31,심팩이엔지,89387.0,168001387,서구,오류동,165140.43,126.6060916,454272.9556,37.59010534
2024-12-31,쌍마아파트,42112.0,168000112,서구,가좌동,170985.0395,126.6726666,444153.4151,37.49913374
2024-12-31,쌍마아파트,42114.0,168000114,서구,석남동,170970.099,126.6724967,444177.6803,37.49935189
2024-12-31,아라노을공원,89555.0,168001555,서구,당하동,173735.9471,126.7034237,453964.8063,37.5876149
2024-12-31,아라노을공원,89554.0,168001554,서구,당하동,173748.5805,126.7035659,453988.9828,37.58783308
2024-12-31,아라동행정복지센터,42467.0,168000467,서구,원당동,174871.0985,126.7162548,454578.5787,37.59317658
2024-12-31,아라동행정복지센터,42465.0,168000465,서구,원당동,174838.619,126.7158864,454596.0128,37.59333277
2024-12-31,아라동행정복지센터(서부고용센터),89402.0,168001402,서구,원당동,174935.0853,126.716972,454792.1697,37.59510273
2024-12-31,아라동행정복지센터(서부고용센터),89401.0,168001401,서구,원당동,174916.7688,126.716765,454779.1686,37.59498509
2024-12-31,아라뱃길물류센터,89145.0,168001145,서구,오류동,166098.476,126.6170995,450804.0778,37.55888773
2024-12-31,아라센트럴파크,89406.0,168001406,서구,당하동,174327.7285,126.7101188,454109.1558,37.58893218
2024-12-31,아라센트럴파크,89407.0,168001407,서구,당하동,174337.2689,126.7102274,454092.0547,37.58877837
2024-12-31,아시아드경기장(공촌사거리)역,42320.0,168000320,서구,연희동,171407.7067,126.6772253,449823.559,37.55023384
2024-12-31,아시아드경기장(공촌사거리)역,42319.0,168000319,서구,연희동,171385.4183,126.6769679,449958.2156,37.55144637
2024-12-31,아시아드대광로제비앙아파트,89258.0,168001258,서구,경서동,170666.8868,126.6688118,450579.0572,37.55701737
2024-12-31,아시아드대광로제비앙아파트,89257.0,168001257,서구,경서동,170683.5832,126.6689995,450608.2759,37.55728115
2024-12-31,아이푸드파크산업단지,89561.0,168001561,서구,금곡동,167485.2914,126.6325312,456733.4646,37.6123596
2024-12-31,아이푸드파크산업단지,89560.0,168001560,서구,금곡동,167372.9007,126.6312663,456554.8806,37.61074664
2024-12-31,아쿠아글로리,42811.0,168000811,서구,오류동,164944.9231,126.6038659,454526.8052,37.59238499
2024-12-31,안동포교회,42700.0,168000700,서구,왕길동,167793.9769,126.6361491,453968.9476,37.58746315
2024-12-31,안동포교회,42701.0,168000701,서구,왕길동,167782.3345,126.6360162,453994.3884,37.58769196
2024-12-31,안동포사거리,42707.0,168000707,서구,왕길동,169379.197,126.6540784,454407.5002,37.59146856
2024-12-31,안동포사거리입구,42766.0,168000766,서구,왕길동,169816.2881,126.659021,454561.7759,37.592873
2024-12-31,안동포사거리입구,42765.0,168000765,서구,왕길동,169774.6938,126.6585519,454518.0266,37.59247746
2024-12-31,안풍산업삼거리,89329.0,168001329,서구,대곡동,169826.747,126.6589724,458605.4817,37.62930574
2024-12-31,안풍산업삼거리,89312.0,168001312,서구,대곡동,169839.7639,126.6591203,458594.8011,37.62920994
2024-12-31,어울림아파트202동앞,89117.0,168001117,서구,원당동,173557.2002,126.7013765,454614.7813,37.59346586
2024-12-31,에덴하우스,42788.0,168000788,서구,당하동,171017.9065,126.6726465,454059.3675,37.58838514
2024-12-31,에스틸,89232.0,168001232,서구,원창동,165267.9575,126.6080004,444463.118,37.50172644
2024-12-31,에코크레이션,89450.0,168001450,서구,청라동,167048.7844,126.6280658,446105.7643,37.51659169
2024-12-31,에코크레이션,89449.0,168001449,서구,청라동,167074.7393,126.6283594,446104.8629,37.51658449
2024-12-31,엑슬루타워,42836.0,168000836,서구,청라동,169206.3608,126.6524079,447597.5939,37.53010739
2024-12-31,엘리지안타운,42394.0,168000394,서구,당하동,171142.7906,126.6740581,454119.6929,37.58893259
2024-12-31,엠파크타워,42025.0,168000025,서구,가좌동,169929.5855,126.6607741,443099.0679,37.48960041
2024-12-31,엠파크타워,42026.0,168000026,서구,가좌동,169965.0787,126.6611755,443098.8511,37.48959962
2024-12-31,연합의원,42186.0,168000186,서구,신현동,170634.8889,126.6686365,445915.3003,37.51499692
2024-12-31,연희공원,42950.0,168001016,서구,청라동,169012.3831,126.650161,448836.1716,37.54126017
2024-12-31,연희동광명아파트(사계절썰매장),42599.0,168000599,서구,연희동,171827.0227,126.6819786,449612.3535,37.54834386
2024-12-31,연희동광명아파트(사계절썰매장),42314.0,168000314,서구,공촌동,171838.7974,126.682113,449581.6368,37.54806747
2024-12-31,연희동행정복지센터,42312.0,168000312,서구,연희동,171378.8641,126.6769038,449698.7067,37.54910805
2024-12-31,연희동행정복지센터,42311.0,168000311,서구,연희동,171408.3462,126.6772377,449691.8919,37.54904757
2024-12-31,열우물테니스경기장,42023.0,168000023,서구,가좌동,172529.2093,126.6902106,441969.6885,37.47950596
2024-12-31,열우물테니스경기장·축산물시장,42024.0,168000024,서구,가좌동,172415.2993,126.6889207,442025.8988,37.48000901
2024-12-31,영은슈퍼,89052.0,168001052,서구,오류동,166249.0209,126.6186296,454571.613,37.59283752
2024-12-31,영은슈퍼,89064.0,168001064,서구,오류동,166251.5045,126.6186589,454545.9485,37.59260638
2024-12-31,영종대교휴게소,42942.0,168000942,서구,오류동,165315.0168,126.6082579,450271.5917,37.554061
2024-12-31,영종대교휴게소,42943.0,168000943,서구,청라동,165286.7721,126.607938,450277.1087,37.55410964
2024-12-31,오류동역입구,89058.0,168001058,서구,오류동,167446.4473,126.6321806,454728.7913,37.59429684
2024-12-31,오류동역입구,89066.0,168001066,서구,오류동,167422.6999,126.6319114,454736.7071,37.59436732
2024-12-31,온누리병원,42425.0,168000425,서구,왕길동,169443.578,126.654754,455684.1768,37.60297314
2024-12-31,완정공단입구,42409.0,168000409,서구,마전동,170701.7784,126.6690311,454961.2225,37.59650055
2024-12-31,완정사거리,42561.0,168000561,서구,당하동,170930.2802,126.6716312,454642.5166,37.59363637
2024-12-31,완정사거리,42562.0,168000562,서구,마전동,170916.9788,126.671479,454681.9104,37.59399088
2024-12-31,완정역,42674.0,168000674,서구,당하동,171086.8686,126.6734081,454544.8116,37.59276102
2024-12-31,완정역,42673.0,168000673,서구,마전동,171063.2829,126.6731363,454664.1599,37.59383557
2024-12-31,완정초등학교.검단도서관,42414.0,168000414,서구,마전동,170301.399,126.6644866,455231.1971,37.59892008
2024-12-31,완정초등학교.검단도서관,42415.0,168000415,서구,마전동,170281.7436,126.6642629,455257.1003,37.59915282
2024-12-31,왕길고가,42551.0,168000551,서구,왕길동,170063.7969,126.6618632,453590.3116,37.5841285
2024-12-31,왕길고가,42552.0,168000552,서구,왕길동,170036.2671,126.6615525,453566.653,37.58391445
2024-12-31,왕길동,42387.0,168000387,서구,왕길동,168553.7419,126.6447022,455104.7117,37.59772232
2024-12-31,왕길동,42386.0,168000386,서구,왕길동,168477.9419,126.6438446,455088.5239,37.59757388
2024-12-31,왕길동(기점),42699.0,168000699,서구,왕길동,168796.8424,126.6475338,453257.1101,37.58108432
2024-12-31,왕길동종점,42594.0,168000594,서구,왕길동,168786.5219,126.6474191,453207.568,37.58063761
2024-12-31,왕길역로열파크씨티푸르지오,89564.0,168001564,서구,왕길동,169154.7327,126.6515115,455010.4658,37.59689357
2024-12-31,왕길역로열파크씨티푸르지오,89565.0,168001565,서구,왕길동,169139.2713,126.6513296,455170.6506,37.59833627
2024-12-31,우림필유아파트,42925.0,168000925,서구,석남동,170560.7805,126.6678557,444482.3787,37.50208419
2024-12-31,우림필유아파트,42924.0,168000924,서구,석남동,170580.3369,126.6680768,444483.7275,37.50209697
2024-12-31,우미린더시그니처(후문),89443.0,168001443,서구,원당동,174306.6785,126.7098499,454979.0698,37.59676928
2024-12-31,우성아파트,42718.0,168000718,서구,연희동,170914.2379,126.6716311,450075.8919,37.55249183
2024-12-31,우성아파트,42717.0,168000717,서구,연희동,170916.1322,126.6716538,450043.0292,37.5521958
2024-12-31,우진기계,89106.0,168001106,서구,경서동,168468.4155,126.6439707,449658.4722,37.54865042
2024-12-31,원당고등학교,42459.0,168000459,서구,원당동,173531.581,126.7010753,454919.4721,37.5962103
2024-12-31,원당교,89486.0,168001486,서구,원당동,175546.9081,126.7239044,454650.544,37.59384321
2024-12-31,원당교,89485.0,168001485,서구,원당동,175533.1923,126.72375,454625.3222,37.59361561
2024-12-31,원당사거리.검단선사박물관,42446.0,168000446,서구,당하동,173427.0252,126.6999034,454590.5457,37.59324375
2024-12-31,원당사거리.검단선사박물관,42447.0,168000447,서구,원당동,173436.2237,126.7000064,454622.1062,37.59352837
2024-12-31,원당중고등학교,42462.0,168000462,서구,원당동,173484.5632,126.7005388,455032.6144,37.59722833
2024-12-31,원당중고등학교,42460.0,168000460,서구,원당동,173497.157,126.7006815,455029.9553,37.59720473
2024-12-31,원적산터널서측,42666.0,168000666,서구,석남동,171570.969,126.6792632,444913.9524,37.50600431
2024-12-31,원적산터널서측,42667.0,168000667,서구,석남동,171570.3814,126.6792552,444948.6191,37.50631664
2024-12-31,원진운수차고지,89003.0,168001010,서구,원창동,169371.2,126.6543286,446258.6,37.51804884
2024-12-31,원진운수차고지,89004.0,168001011,서구,원창동,169369.7,126.6543107,446280.8,37.51824881
2024-12-31,원창동(기점),89144.0,168001144,서구,원창동,169807.5204,126.6592537,446508.36,37.52031353
2024-12-31,원창동(기점),89143.0,168001143,서구,원창동,169791.5397,126.6590708,446560.2443,37.52078047
2024-12-31,원창동(종점),42184.0,168000184,서구,원창동,169682.0835,126.6578454,446252.6765,37.51800575
2024-12-31,원창동(종점),42183.0,168000183,서구,원창동,169687.2418,126.657903,446270.1222,37.5181631
2024-12-31,원창동차고지,89515.0,168001515,서구,원창동,169653.3802,126.657521,446245.6645,37.51794163
2024-12-31,원창로89번길,89505.0,168001505,서구,원창동,169792.0471,126.6590779,446526.9147,37.5204802
2024-12-31,원흥아파트,42793.0,168000793,서구,왕길동,169095.0607,126.6508251,455263.2628,37.59916919
2024-12-31,월드메르디앙아파트,42163.0,168000163,서구,석남동,170616.4288,126.6684404,445597.4865,37.51213289
2024-12-31,월드메르디앙아파트,42161.0,168000161,서구,석남동,170634.4642,126.6686467,445538.1724,37.51159906
2024-12-31,월드아파트,42500.0,168000500,서구,불로동,172617.437,126.6906299,457435.531,37.61885241
2024-12-31,월드아파트,42499.0,168000499,서구,불로동,172573.7949,126.6901355,457437.3844,37.61886781
2024-12-31,웰카운티,42772.0,168000772,서구,청라동,169579.4573,126.6566067,448129.1518,37.53490901
2024-12-31,웰카운티17단지,89182.0,168001182,서구,청라동,169876.3114,126.659947,448574.6967,37.53893302
2024-12-31,웰카운티17단지,89183.0,168001183,서구,청라동,169844.9548,126.6595888,448657.306,37.53967629
2024-12-31,웰카운티1차,42764.0,168000764,서구,청라동,169578.4215,126.6565784,448528.9937,37.53851145
2024-12-31,웰카운티1차,42746.0,168000746,서구,청라동,169558.3982,126.6563509,448552.0738,37.53871874
2024-12-31,유니온프라자,42113.0,168000113,서구,가좌동,171919.1734,126.6832437,443803.9024,37.49601361
2024-12-31,유승아파트,42398.0,168000398,서구,왕길동,168964.7287,126.6493499,455248.5784,37.59903249
2024-12-31,유승아파트,42397.0,168000397,서구,왕길동,168979.6237,126.6495195,455225.9765,37.59882936
2024-12-31,유승한내들에듀파크,89520.0,168001520,서구,당하동,174052.9805,126.7070171,453854.7065,37.58663194
2024-12-31,유현사거리,42484.0,168000484,서구,원당동,175225.9506,126.7202648,454812.6579,37.59529521
2024-12-31,유현사거리,42487.0,168000487,서구,원당동,175413.0985,126.7223842,454803.289,37.59521583
2024-12-31,율도근린공원,89340.0,168001340,서구,원창동,166786.5342,126.6251524,444936.5619,37.50604802
2024-12-31,율도근린공원,89339.0,168001339,서구,원창동,166798.5388,126.6252881,444936.5254,37.50604813
2024-12-31,율도근린공원입구,89429.0,168001429,서구,원창동,166953.3896,126.6270236,445288.6678,37.50922642
2024-12-31,율도근린공원입구,89428.0,168001428,서구,원창동,166929.0508,126.6267477,445302.4743,37.50934994
2024-12-31,율도입구,42188.0,168000188,서구,석남동,171195.8311,126.6749888,445721.9543,37.51327262
2024-12-31,율도입구,42190.0,168000190,서구,가정동,171196.9959,126.6750012,445741.2265,37.5134463
2024-12-31,은영아파트,42218.0,168000218,서구,신현동,170660.4484,126.6689046,446438.3419,37.51971024
2024-12-31,은지초등학교사거리,42365.0,168000365,서구,검암동,171882.6332,126.6825301,451637.6025,37.56659257
2024-12-31,이음1로.모아미래도엘리트파크,89514.0,168001514,서구,당하동,174010.1872,126.7065465,453462.2511,37.58309481
2024-12-31,이음1로.예미지더시그너스,89513.0,168001513,서구,당하동,174033.5251,126.7068115,453441.619,37.58290958
2024-12-31,이음2로.디에트르더펠리체,89509.0,168001509,서구,당하동,174287.8203,126.70968,453737.9536,37.58558663
2024-12-31,이음2로.파라곤센트럴파크,89510.0,168001510,서구,당하동,174293.04,126.7097386,453751.6512,37.58571018
2024-12-31,이음5로.금호어울림센트럴,89433.0,168001433,서구,원당동,174599.5702,126.713173,454787.6571,37.59505285
2024-12-31,이음5로.우미린더시그니처,89432.0,168001432,서구,원당동,174589.1776,126.7130614,454615.376,37.59350036
2024-12-31,이음대로.대성베르힐,89441.0,168001441,서구,당하동,174308.1486,126.7099274,453248.0736,37.5811735
2024-12-31,이음대로.대성베르힐,89440.0,168001440,서구,당하동,174267.2569,126.7094653,453222.4472,37.58094147
2024-12-31,이음대로.디에트르더펠리체,89438.0,168001438,서구,당하동,174464.0235,126.7116811,453561.4037,37.58400087
2024-12-31,이음대로.호반써밋,89439.0,168001439,서구,당하동,174504.1774,126.712135,453579.9572,37.58416915
2024-12-31,인재개발원,42282.0,168000282,서구,심곡동,171602.0799,126.6794599,448922.0109,37.54211711
2024-12-31,인재개발원,42281.0,168000281,서구,심곡동,171615.7327,126.6796152,448901.1367,37.54192946
2024-12-31,인천경연초중학교,89347.0,168001347,서구,청라동,166962.1294,126.626974,448585.0269,37.53892613
2024-12-31,인천공항TG(미정차),42690.0,168000690,서구,검암동,170572.2747,126.6676851,451968.8877,37.56953635
2024-12-31,인천공항TG(미정차),42691.0,168000691,서구,검암동,170575.0931,126.6677146,452030.1878,37.57008874
2024-12-31,인천국민안전체험관,42233.0,168000233,서구,가정동,171383.7,126.6770758,446694.3531,37.52203961
2024-12-31,인천국민안전체험관(북측),89517.0,168001517,서구,가정동,171257.1442,126.6756425,446738.8495,37.52243657
2024-12-31,인천국민안전체험관(북측),89516.0,168001516,서구,가정동,171181.7291,126.67479,446723.347,37.52229454
2024-12-31,인천그랜드컨트리클럽,42954.0,168000954,서구,원창동,168276.1053,126.6419673,445663.2808,37.51264808
2024-12-31,인천그랜드컨트리클럽,42958.0,168000958,서구,원창동,168239.6646,126.6415524,445727.5522,37.5132259
2024-12-31,인천마전도서관,42556.0,168000556,서구,왕길동,170176.3827,126.6630947,454648.8685,37.59366943
2024-12-31,인천보건고등학교,42144.0,168000144,서구,석남동,171495.8196,126.6784244,444628.9181,37.50343388
2024-12-31,인천보건고등학교,42146.0,168000146,서구,석남동,171481.7457,126.6782624,444700.0302,37.50407415
2024-12-31,인천북항관공선부두,89195.0,168001195,서구,원창동,166461.8382,126.62152,444063.8265,37.49817311
2024-12-31,인천북항관공선부두,89196.0,168001196,서구,원창동,166459.9568,126.6214998,444041.3084,37.49797015
2024-12-31,인천북항부두운영시설,42959.0,168000959,서구,석남동,168228.6149,126.6414725,444686.6304,37.50384702
2024-12-31,인천북항부두운영시설,42953.0,168000953,서구,석남동,168274.0405,126.6419849,444715.5376,37.50410904
2024-12-31,인천서곶초등학교,89358.0,168001358,서구,심곡동,170715.7944,126.669411,449436.2244,37.54672228
2024-12-31,인천서곶초등학교,89355.0,168001355,서구,연희동,170691.3794,126.6691348,449432.2221,37.54668544
2024-12-31,인천서부교육지원청,42337.0,168000337,서구,공촌동,172428.3694,126.6887679,450023.6,37.55206732
2024-12-31,인천서부교육지원청,42336.0,168000336,서구,공촌동,172441.6565,126.6889196,449988.3124,37.55174978
2024-12-31,인천서부여성회관,42134.0,168000134,서구,석남동,171478.1361,126.6782392,444246.432,37.49998719
2024-12-31,인천서부여성회관,42131.0,168000131,서구,석남동,171458.9461,126.6780227,444232.8156,37.49986392
2024-12-31,인천아라중학교,89556.0,168001556,서구,당하동,173678.448,126.702779,453790.0479,37.58603872
2024-12-31,인천아라중학교,89557.0,168001557,서구,당하동,173694.1556,126.7029574,453775.3127,37.58590641
2024-12-31,인천아시아드주경기장(동문),89354.0,168001354,서구,연희동,170654.2747,126.6687018,449761.7858,37.54965355
2024-12-31,인천아시아드주경기장(동문),89359.0,168001359,서구,연희동,170683.2008,126.6690302,449735.5083,37.54941772
2024-12-31,인천아시아드테니스장,89356.0,168001356,서구,연희동,170717.1247,126.6694401,449082.3582,37.54353407
2024-12-31,인천아시아드테니스장,89357.0,168001357,서구,심곡동,170737.6393,126.6696721,449086.3135,37.54357036
2024-12-31,인천여객터미널,89155.0,168001155,서구,오류동,165164.8721,126.6065413,450638.6265,37.5573622
2024-12-31,인천연세병원,42310.0,168000310,서구,연희동,171179.5808,126.6746463,449759.6968,37.54965134
2024-12-31,인천연합의원,42601.0,168000601,서구,신현동,170653.25,126.668844,445918.9333,37.51503024
2024-12-31,인천영어마을,42697.0,168000697,서구,원당동,174463.1458,126.711639,454482.2534,37.59229746
2024-12-31,인천영어마을,42454.0,168000454,서구,원당동,174508.9468,126.7121588,454447.5835,37.59198637
2024-12-31,인천영어마을.파라곤센트럴,89437.0,168001437,서구,당하동,174564.125,126.7128082,453739.3137,37.58560657
2024-12-31,인천영어마을앞,89436.0,168001436,서구,당하동,174676.2503,126.714071,453930.8796,37.58733563
2024-12-31,인천이음중학교,89456.0,168001456,서구,원당동,174546.3222,126.7125519,455309.7518,37.5997553
2024-12-31,인천이음초등학교,89399.0,168001399,서구,원당동,174619.3268,126.7133867,455077.9238,37.59766862
2024-12-31,인천이음초등학교,89400.0,168001400,서구,원당동,174598.3772,126.713149,455090.2427,37.59777903
2024-12-31,인천지방법원북부지원입구,89434.0,168001434,서구,원당동,174619.8958,126.7134182,454354.6513,37.59115215
2024-12-31,인천지방법원북부지원입구,89435.0,168001435,서구,원당동,174643.591,126.7136865,454356.6407,37.59117072
2024-12-31,인천체육고등학교,89233.0,168001233,서구,청라동,165589.2465,126.6114055,449331.1391,37.5455981
2024-12-31,인천체육고등학교,42930.0,168000930,서구,청라동,165624.2258,126.6118013,449331.9932,37.5456071
2024-12-31,인천체육고등학교입구,89049.0,168001049,서구,청라동,165617.0057,126.6117076,449586.087,37.54789614
2024-12-31,인천체육고등학교입구,89048.0,168001048,서구,청라동,165617.9346,126.6117191,449565.6522,37.54771206
2024-12-31,인천축산물시장,42010.0,168000010,서구,가좌동,172205.7831,126.6865638,441712.0745,37.47717519
2024-12-31,인천축산물시장,42011.0,168000011,서구,가좌동,172145.7621,126.6858846,441730.7637,37.47734177
2024-12-31,인천푸른빛유치원,89376.0,168001376,서구,청라동,167083.8259,126.6283565,448459.6758,37.53780111
2024-12-31,인천푸른빛유치원,89377.0,168001377,서구,청라동,167064.7666,126.6281406,448467.2718,37.53786886
2024-12-31,인천해든초등학교,89410.0,168001410,서구,당하동,174006.0044,126.7064926,453646.1931,37.58475196
2024-12-31,인천해든초등학교,89411.0,168001411,서구,당하동,174026.2666,126.7067223,453638.1129,37.58467973
2024-12-31,인천해양경찰서,89537.0,168001537,서구,청라동,168176.601,126.6407417,447972.8807,37.53345362
2024-12-31,인천해양경찰서,89538.0,168001538,서구,청라동,168147.4425,126.6404116,447978.6305,37.53350442
2024-12-31,자이금호힐스테이트,42849.0,168000849,서구,오류동,168206.0899,126.6407668,455077.4751,37.59746496
2024-12-31,자이금호힐스테이트,42850.0,168000850,서구,오류동,168228.7014,126.6410243,455044.3287,37.59716711
2024-12-31,자이더테라스1단지,89298.0,168001298,서구,청라동,166728.0429,126.6244113,446691.6455,37.52185881
2024-12-31,자이더테라스1단지,89297.0,168001297,서구,청라동,166755.9875,126.624727,446700.7438,37.5219418
2024-12-31,자이더테라스2단지,42864.0,168000864,서구,청라동,166703.771,126.6241259,446931.3874,37.52401795
2024-12-31,자이더테라스2단지,42871.0,168000871,서구,청라동,166753.2946,126.6246863,446925.634,37.5239679
2024-12-31,자이더테라스2단지(209동),89495.0,168001495,서구,청라동,166935.8111,126.6267509,446928.6697,37.52400182
2024-12-31,자이더테라스2단지(209동),89460.0,168001460,서구,청라동,166909.9017,126.6264576,446933.3894,37.52404342
2024-12-31,정서진삼거리,89234.0,168001234,서구,오류동,165836.7754,126.6141419,450714.1192,37.55806756
2024-12-31,제물포중학교,42065.0,168000065,서구,가좌동,172224.101,126.6867236,442963.6687,37.48845246
2024-12-31,제물포중학교,42064.0,168000064,서구,가좌동,172241.7705,126.6869239,442951.8944,37.4883469
2024-12-31,제일풍경채,42833.0,168000833,서구,청라동,168963.6871,126.6496197,448608.0054,37.53920281
2024-12-31,제일풍경채1차정문앞,89350.0,168001350,서구,청라동,168682.1711,126.6464355,448583.7948,37.53897514
2024-12-31,제일풍경채2차,89349.0,168001349,서구,청라동,168717.1165,126.6468327,448540.8791,37.53858967
2024-12-31,제일풍경채2차321동앞,42866.0,168000866,서구,청라동,168505.741,126.6444462,448421.5441,37.53750729
2024-12-31,제일풍경채2차321동앞,42873.0,168000873,서구,청라동,168544.3688,126.6448818,448456.5252,37.53782378
2024-12-31,제일풍경채2차323동앞,42891.0,168000891,서구,청라동,168566.7492,126.6451426,448279.9335,37.53623349
2024-12-31,제일풍경채2차331동앞,42989.0,168000989,서구,청라동,168866.0302,126.6485285,448284.0363,37.53628063
2024-12-31,종합환경연구단지,89366.0,168001366,서구,오류동,168715.6043,126.646665,452067.3977,37.57036261
2024-12-31,좌동교차로,89371.0,168001371,서구,금곡동,167992.7921,126.6382822,456661.4138,37.61172828
2024-12-31,좌동마을,42452.0,168000452,서구,금곡동,167934.397,126.6376083,456946.1073,37.61429123
2024-12-31,좌동마을,89253.0,168001253,서구,금곡동,167958.1992,126.6378774,456956.7376,37.61438783
2024-12-31,좌동마을입구,42456.0,168000456,서구,금곡동,168355.9238,126.6423898,456776.991,37.61278218
2024-12-31,좌동마을입구,42928.0,168000928,서구,금곡동,168275.1131,126.641472,456836.9264,37.61331939
2024-12-31,주물단지,42291.0,168000291,서구,경서동,168875.9103,126.6485593,450190.0067,37.55345328
2024-12-31,주안국가산단역,37583.0,163000583,서구,가좌동,171763.5074,126.6815775,441355.1151,37.4739456
2024-12-31,중고차매매단지엠파크허브,42038.0,168000038,서구,가좌동,170273.8334,126.6646621,443209.7845,37.49060911
2024-12-31,중봉로교차로,89421.0,168001421,서구,청라동,168905.4105,126.6490315,446929.6928,37.52407964
2024-12-31,중봉로교차로,89420.0,168001420,서구,청라동,168951.8891,126.6495575,446923.6219,37.52402651
2024-12-31,중앙사료,42015.0,168000015,서구,가좌동,171884.9519,126.6829253,442012.2442,37.47986996
2024-12-31,중앙사료,42014.0,168000014,서구,가좌동,171868.8407,126.682744,441988.3592,37.47965427
2024-12-31,중앙아파트,42315.0,168000315,서구,연희동,171077.9297,126.6734907,449894.0629,37.55085875
2024-12-31,중앙호수공원입구(호반베르디움),89245.0,168001245,서구,청라동,168146.1336,126.6404166,447521.3,37.52938393
2024-12-31,중흥S클래스,42847.0,168000847,서구,청라동,169277.5307,126.6531738,448533.0751,37.53853823
2024-12-31,중흥S클래스,42832.0,168000832,서구,청라동,169008.0549,126.6501217,448607.7154,37.53920169
2024-12-31,중흥S클래스1차,42845.0,168000845,서구,청라동,169225.0168,126.652572,448715.0462,37.540176
2024-12-31,중흥S클래스1차,42844.0,168000844,서구,청라동,169175.0467,126.6520049,448755.233,37.5405364
2024-12-31,중흥S클래스2단지,42771.0,168000771,서구,청라동,169557.9213,126.6563646,448092.8915,37.5345816
2024-12-31,중흥S클래스2단지(북측),42856.0,168000856,서구,청라동,169510.7625,126.6558244,448251.6996,37.53601086
2024-12-31,진솔인더스트리,89448.0,168001448,서구,청라동,167188.2746,126.629637,446253.9298,37.5179316
2024-12-31,진솔인더스트리,89447.0,168001447,서구,청라동,167206.027,126.629837,446270.9992,37.51808603
2024-12-31,진주5단지503동앞,42089.0,168000089,서구,가좌동,172213.6756,126.6865902,443374.4609,37.49215333
2024-12-31,진주상가,42544.0,168000544,서구,가좌동,171795.6394,126.6818573,443530.2158,37.49354396
2024-12-31,진주아파트2단지6동,42084.0,168000084,서구,가좌동,171938.9866,126.6834822,443426.2429,37.49261155
2024-12-31,진주아파트2단지·가좌시장,42092.0,168000092,서구,가좌동,172085.7912,126.6851409,443459.1822,37.49291279
2024-12-31,진주아파트3단지,42086.0,168000086,서구,가좌동,171927.1858,126.683348,443445.8667,37.492788
2024-12-31,진주아파트4단지,42077.0,168000077,서구,가좌동,171921.8882,126.6832933,443309.7345,37.49156131
2024-12-31,진표에너지,42548.0,168000548,서구,왕길동,169443.3675,126.6548436,453482.728,37.58313879
2024-12-31,참빛감리교회,42437.0,168000437,서구,원당동,172923.1403,126.6941945,454684.3466,37.59407415
2024-12-31,창신초등학교,42621.0,168000621,서구,원당동,173346.942,126.6989672,455396.8437,37.60050594
2024-12-31,창신초등학교,42620.0,168000620,서구,원당동,173324.2949,126.6987102,455411.2038,37.60063467
2024-12-31,청라1동행정복지센터,42744.0,168000744,서구,청라동,169277.8426,126.6532074,447817.0471,37.532087
2024-12-31,청라1동행정복지센터,42745.0,168000745,서구,청라동,169298.716,126.6534434,447818.9447,37.53210479
2024-12-31,청라1호문화공원,89471.0,168001471,서구,청라동,169879.4422,126.6600109,447880.7083,37.53268045
2024-12-31,청라1호문화공원,89470.0,168001470,서구,청라동,169852.1546,126.6597026,447871.4168,37.53259584
2024-12-31,청라2동행정복지센터,89042.0,168001042,서구,청라동,168530.6823,126.6447529,447850.3008,37.53236138
2024-12-31,청라2동행정복지센터,89039.0,168001039,서구,청라동,168508.7733,126.6445051,447849.5825,37.53235415
2024-12-31,청라3동행정복지센터,89375.0,168001375,서구,청라동,167020.2994,126.6276585,447999.9986,37.53365726
2024-12-31,청라3동행정복지센터,89374.0,168001374,서구,청라동,166998.8982,126.6274165,447995.0942,37.53361231
2024-12-31,청라BRT차고지입구,89337.0,168001337,서구,청라동,166541.6359,126.6223472,445714.8716,37.51305156
2024-12-31,청라BRT차고지입구,89336.0,168001336,서구,청라동,166743.1453,126.6246253,445738.6726,37.5132733
2024-12-31,청라BRT통합차고지,89508.0,168001508,서구,청라동,166774.0084,126.6249741,445744.3205,37.5133253
2024-12-31,청라BRT통합차고지,89522.0,168001522,서구,청라동,166817.1284,126.6254632,445714.4763,37.51305796
2024-12-31,청라고등학교,42785.0,168000785,서구,청라동,169855.7964,126.6597235,448365.137,37.53704427
2024-12-31,청라고등학교,42784.0,168000784,서구,청라동,169884.0475,126.6600432,448364.1097,37.53703594
2024-12-31,청라골프아카데미,89255.0,168001255,서구,청라동,167487.9765,126.6328633,449946.3398,37.55120991
2024-12-31,청라골프아카데미,89256.0,168001256,서구,청라동,167450.4009,126.6324374,449961.3015,37.55134338
2024-12-31,청라국제도서관,42923.0,168000923,서구,청라동,169881.4442,126.6600403,447716.9435,37.53120503
2024-12-31,청라국제도서관,42922.0,168000922,서구,청라동,169846.3023,126.6596433,447703.5524,37.53108323
2024-12-31,청라국제도시역,89270.0,168001270,서구,청라동,166884.2031,126.6260133,450331.8875,37.55466206
2024-12-31,청라국제도시역(경명대로),89034.0,168001034,서구,청라동,167013.9344,126.6274726,450528.7184,37.5564401
2024-12-31,청라국제도시역(서부산단방향),89043.0,168001043,서구,청라동,166880.5901,126.6259708,450367.628,37.55498394
2024-12-31,청라국제도시역(청라국제교방향),89215.0,168001215,서구,청라동,166823.2399,126.6253224,450354.3192,37.55486196
2024-12-31,청라국제도시역푸르지오시티,89523.0,168001523,서구,청라동,166164.4091,126.6178813,450034.0315,37.55195228
2024-12-31,청라국제도시역푸르지오시티,89524.0,168001524,서구,청라동,166167.9,126.6179214,450019.9975,37.55182596
2024-12-31,청라국제어린이집,89289.0,168001289,서구,청라동,169885.3023,126.660067,448131.2214,37.53493771
2024-12-31,청라국제업무단지(골드클래스),42984.0,168000984,서구,청라동,166803.6582,126.6252297,447507.131,37.52920886
2024-12-31,청라꽃농원,42991.0,168000991,서구,청라동,170120.5022,126.6627317,448040.9537,37.53413208
2024-12-31,청라달튼국제학교,89121.0,168001121,서구,청라동,166499.3737,126.6216977,449469.8352,37.54688128
2024-12-31,청라달튼국제학교,42895.0,168000895,서구,청라동,166442.5424,126.621056,449439.3037,37.54660413
2024-12-31,청라도,42931.0,168000931,서구,청라동,165864.6535,126.6145828,448022.3944,37.53381693
2024-12-31,청라도,89127.0,168001127,서구,청라동,165834.4162,126.6142405,448026.6976,37.53385458
2024-12-31,청라디이스트,89045.0,168001045,서구,청라동,166658.6836,126.6235915,447467.001,37.52884207
2024-12-31,청라디이스트,42961.0,168000961,서구,청라동,166637.9155,126.6233551,447497.302,37.52911432
2024-12-31,청라디이스트(562동),42962.0,168000962,서구,청라동,166742.697,126.6245529,447224.8585,37.52666346
2024-12-31,청라디이스트(567동),89017.0,168001017,서구,청라동,166734.695,126.624453,447432.2912,37.52853209
2024-12-31,청라로데오시티포레안,89419.0,168001419,서구,경서동,169034.1434,126.650374,449621.1409,37.54833328
2024-12-31,청라로봇랜드,89247.0,168001247,서구,청라동,165630.0295,126.6119899,446708.6768,37.52197195
2024-12-31,청라로봇랜드,89246.0,168001246,서구,청라동,165646.3203,126.6121722,446749.2778,37.52233836
2024-12-31,청라모아미래도아파트604동,89344.0,168001344,서구,청라동,166286.0225,126.6193242,448585.331,37.53890436
2024-12-31,청라모아미래도아파트정문,89353.0,168001353,서구,청라동,166482.8363,126.6215531,448539.5575,37.53849914
2024-12-31,청라문학공원,89480.0,168001480,서구,청라동,166614.9591,126.6230705,448044.9951,37.53404806
2024-12-31,청라백세요양병원,89179.0,168001179,서구,청라동,165664.1731,126.6123415,447448.678,37.52864044
2024-12-31,청라백세요양병원,42944.0,168000944,서구,청라동,165633.0349,126.6119933,447361.993,37.52785827
2024-12-31,청라복합문화센터,89219.0,168001219,서구,청라동,167671.5789,126.6350747,446914.3672,37.52389908
2024-12-31,청라복합문화센터,89218.0,168001218,서구,청라동,167656.2884,126.634901,446930.3921,37.52404292
2024-12-31,청라센텀로제비앙,89295.0,168001295,서구,청라동,166564.7529,126.6224863,448400.4913,37.53724917
2024-12-31,청라센텀로제비앙,89296.0,168001296,서구,청라동,166524.9334,126.6220361,448392.0272,37.53717146
2024-12-31,청라센텀로제비앙정문앞,89346.0,168001346,서구,청라동,166506.2488,126.621818,448538.7813,37.538493
2024-12-31,청라센트럴에일린의뜰,42834.0,168000834,서구,청라동,168946.9155,126.6494488,448161.9017,37.53518296
2024-12-31,청라센트럴에일린의뜰104동,42990.0,168000990,서구,청라동,168826.074,126.6480779,448249.5704,37.53596875
2024-12-31,청라센트럴에일린의뜰106동,42892.0,168000892,서구,청라동,168591.3511,126.6454222,448248.9871,37.53595552
2024-12-31,청라스타필드,89418.0,168001418,서구,청라동,166028.035,126.6163438,449908.1765,37.55081334
2024-12-31,청라스타필드,89417.0,168001417,서구,청라동,166014.8874,126.6161944,449922.251,37.55093966
2024-12-31,청라시티프라디움,89334.0,168001334,서구,청라동,166993.3094,126.6273398,448296.4748,37.53632747
2024-12-31,청라시티프라디움,89335.0,168001335,서구,청라동,166990.9698,126.6273146,448266.0513,37.53605328
2024-12-31,청라우미린,42862.0,168000862,서구,청라동,167042.4185,126.6279315,447492.5086,37.52908569
2024-12-31,청라우미린아파트,89290.0,168001290,서구,청라동,166990.37,126.6273392,447570.0959,37.52978287
2024-12-31,청라웰카운티221동,89288.0,168001288,서구,청라동,169849.3681,126.6596605,448128.7713,37.53491446
2024-12-31,청라웰카운티223동,42997.0,168000997,서구,청라동,169768.9903,126.6587462,448246.9217,37.53597633
2024-12-31,청라자이,42742.0,168000742,서구,청라동,169719.7069,126.6582169,447562.4275,37.52980757
2024-12-31,청라중앙호수공원입구,89021.0,168001021,서구,청라동,168224.558,126.6413023,447557.5939,37.52971364
2024-12-31,청라중앙호수공원입구,89024.0,168001024,서구,청라동,168106.0732,126.6399608,447582.2371,37.52993158
2024-12-31,청라중학교,42848.0,168000848,서구,청라동,169309.439,126.6535343,448545.8384,37.53865429
2024-12-31,청라초등학교,89281.0,168001281,서구,청라동,169530.3904,126.6560467,448247.8022,37.5359764
2024-12-31,청라초등학교,89282.0,168001282,서구,청라동,169617.9753,126.657036,448285.5047,37.53631898
2024-12-31,청라파크자이상가,89300.0,168001300,서구,청라동,167029.585,126.6278221,446697.4944,37.52192235
2024-12-31,청라파크자이상가,89299.0,168001299,서구,청라동,166995.1416,126.6274328,446689.046,37.521845
2024-12-31,청라푸르지오,89217.0,168001217,서구,청라동,167865.2502,126.6372072,448245.6708,37.53590058
2024-12-31,청라푸르지오라피아노,89497.0,168001497,서구,청라동,167406.418,126.6320805,446792.9722,37.52279599
2024-12-31,청라푸르지오라피아노,89498.0,168001498,서구,청라동,167364.9062,126.631613,446745.5094,37.52236689
2024-12-31,청라한내로72번길,89533.0,168001533,서구,청라동,167114.6049,126.6287355,447773.9143,37.53162367
2024-12-31,청라한내로72번길,89534.0,168001534,서구,청라동,167097.9838,126.6285466,447794.8336,37.53181155
2024-12-31,청라한양수자인레이크블루,89351.0,168001351,서구,청라동,167134.8042,126.6289266,448609.038,37.53914864
2024-12-31,청라한양수자인레이크블루,89348.0,168001348,서구,청라동,167134.443,126.6289237,448582.8266,37.53891247
2024-12-31,청라한화꿈에그린,89124.0,168001124,서구,청라동,167800.17,126.6364602,448488.6176,37.5380872
2024-12-31,청라한화꿈에그린,89123.0,168001123,서구,청라동,167822.1854,126.6367093,448489.8377,37.53809896
2024-12-31,청라호반베르디움.포리공원,42919.0,168000919,서구,청라동,168172.2656,126.6407222,447290.9569,37.5273095
2024-12-31,청라호반베르디움.포리공원,42899.0,168000899,서구,청라동,168195.6767,126.6409871,447290.4807,37.52730602
2024-12-31,청라호수공원(남측),42863.0,168000863,서구,청라동,167979.3459,126.6385476,447111.5695,37.52568658
2024-12-31,청라호수공원(남측),42861.0,168000861,서구,청라동,168016.6918,126.6389704,447105.4651,37.52563287
2024-12-31,청라호수공원(동축),89531.0,168001531,서구,청라동,167820.5094,126.636708,448086.5175,37.53446509
2024-12-31,청라호수공원(동축),89532.0,168001532,서구,청라동,167799.0671,126.6364647,448102.4065,37.53460749
2024-12-31,청라호수공원(서측),89535.0,168001535,서구,청라동,167415.9042,126.6321341,448001.9695,37.5336891
2024-12-31,청라호수공원(서측),89536.0,168001536,서구,청라동,167375.1876,126.6316739,447991.7328,37.53359543
2024-12-31,청라호수공원한신더휴,42870.0,168000870,서구,청라동,167061.4058,126.628146,447498.8377,37.5291434
2024-12-31,청라호수공원한신더휴아파트,89291.0,168001291,서구,청라동,167068.5949,126.6282242,447568.3848,37.52977026
2024-12-31,청라힐스테이트,42987.0,168000987,서구,청라동,167069.7611,126.62826,447064.5789,37.52523113
2024-12-31,청라힐스테이트,42988.0,168000988,서구,청라동,167074.6026,126.6283158,447042.182,37.52502951
2024-12-31,청람중학교,89018.0,168001018,서구,청라동,168439.2976,126.6436865,448605.3752,37.53916128
2024-12-31,청람중학교,89019.0,168001019,서구,청라동,168477.3372,126.6441183,448572.9486,37.53887043
2024-12-31,청람초등학교,89279.0,168001279,서구,청라동,168921.2221,126.6491541,448256.4771,37.53603419
2024-12-31,청람초등학교,89280.0,168001280,서구,청라동,169038.6715,126.6504822,448274.106,37.53619698
2024-12-31,청소년수련관,42613.0,168000613,서구,원창동,169879.1083,126.6600736,446263.1909,37.51810695
2024-12-31,청소년수련관,42612.0,168000612,서구,원창동,169879.7912,126.6600822,446240.6555,37.51790393
2024-12-31,청양골,42775.0,168000775,서구,가정동,171345.6679,126.6765923,448059.7622,37.53434049
2024-12-31,청천농장,42511.0,168000511,서구,가정동,172271.2083,126.687113,446757.0439,37.52263159
2024-12-31,초은고등학교,89026.0,168001026,서구,청라동,169604.1603,126.6569082,447598.0558,37.53012477
2024-12-31,초은고등학교,89025.0,168001025,서구,청라동,169536.2171,126.656141,447563.7832,37.52981373
2024-12-31,코세스물류창고,89197.0,168001197,서구,원창동,167093.9158,126.6286591,444257.9208,37.49994463
2024-12-31,코스모스아파트,42098.0,168000098,서구,가좌동,172346.5806,126.6880875,443520.136,37.49346984
2024-12-31,쿠팡물류센터,89157.0,168001157,서구,오류동,165084.482,126.6055827,451663.7987,37.56659562
2024-12-31,크리스탈로102번길,89529.0,168001529,서구,청라동,168024.1538,126.6390128,448067.5848,37.5343016
2024-12-31,크리스탈로102번길,89530.0,168001530,서구,청라동,167991.0535,126.6386393,448044.7694,37.53409489
2024-12-31,타운하우스공장.명진화학,89226.0,168001226,서구,오류동,165443.2006,126.6095037,454609.6035,37.59314985
2024-12-31,타운하우스공장.명진화학,89227.0,168001227,서구,오류동,165416.5247,126.6092031,454580.7936,37.59288928
2024-12-31,태산아파트,42227.0,168000227,서구,가정동,171361.1495,126.6768267,446542.4817,37.52067058
2024-12-31,태신보세창고,89237.0,168001237,서구,원창동,168235.7447,126.6415211,445425.0011,37.51049984
2024-12-31,태신보세창고,89236.0,168001236,서구,원창동,168273.4718,126.641948,445421.8237,37.51047251
2024-12-31,태양공단,42148.0,168000148,서구,원창동,168920.8318,126.64925,445888.27,37.51469716
2024-12-31,태양공단,42147.0,168000147,서구,원창동,168867.2078,126.6486498,445738.8791,37.51334937
2024-12-31,태영아파트,42298.0,168000298,서구,심곡동,171067.6093,126.6733912,449455.4081,37.54690625
2024-12-31,태영아파트,42300.0,168000300,서구,심곡동,171089.2176,126.6736354,449463.1383,37.54697658
2024-12-31,태평아파트1차(A),42326.0,168000326,서구,경서동,169238.6372,126.6526376,450824.6215,37.55918319
2024-12-31,태평아파트1차(B),42325.0,168000325,서구,경서동,169240.5938,126.6526606,450802.2988,37.55898213
2024-12-31,태평아파트2차(A),42317.0,168000317,서구,경서동,169172.0357,126.6518899,450678.8652,37.55786773
2024-12-31,태평아파트2차(B),42318.0,168000318,서구,경서동,169183.4086,126.6520191,450668.2466,37.55777244
2024-12-31,태평아파트사거리,89248.0,168001248,서구,경서동,169336.9205,126.6537515,450785.9151,37.55883773
2024-12-31,태평양인천물류센터,42012.0,168000012,서구,가좌동,171492.5936,126.678486,442101.2315,37.48065969
2024-12-31,테일코리아,89430.0,168001430,서구,원창동,166797.3389,126.6252971,444437.7844,37.50155453
2024-12-31,테일코리아,89431.0,168001431,서구,원창동,166781.4246,126.625118,444418.6472,37.50138154
2024-12-31,트러스(서구장애인직업재활시설),42810.0,168000810,서구,오류동,164674.2308,126.600814,454257.2916,37.58994641
2024-12-31,트러스(서구장애인직업재활시설),42809.0,168000809,서구,오류동,164691.5174,126.6010108,454235.2904,37.58974885
2024-12-31,트루엘에코시티아파트,42047.0,168000047,서구,가좌동,172218.9784,126.6866779,442639.6857,37.48553326
2024-12-31,트루엘에코시티아파트,89528.0,168001528,서구,가좌동,172220.9231,126.6867005,442625.969,37.48540973
2024-12-31,트루엘에코시티아파트(후문),42049.0,168000049,서구,가좌동,172349.925,126.6881585,442639.9789,37.48553984
2024-12-31,트루엘에코시티아파트(후문),42050.0,168000050,서구,가좌동,172358.312,126.6882532,442643.0244,37.48556753
2024-12-31,파라곤보타닉파크,89422.0,168001422,서구,원당동,174112.9077,126.7076447,455289.4155,37.59955996
2024-12-31,파라곤보타닉파크(고산터널),89395.0,168001395,서구,원당동,174173.6308,126.7083279,455415.997,37.60070214
2024-12-31,포레나루원시티아파트,42980.0,168000980,서구,가정동,171592.2279,126.6794117,447288.6762,37.5274008
2024-12-31,포레나루원시티아파트,42981.0,168000981,서구,가정동,171606.7241,126.6795771,447252.6397,37.52707657
2024-12-31,푸르지오더베뉴(3216동),89442.0,168001442,서구,원당동,174218.5255,126.7088515,454984.5872,37.59681652
2024-12-31,푸르지오더베뉴후문,89423.0,168001423,서구,원당동,174127.7282,126.7078133,455269.0949,37.5993773
2024-12-31,풍림1차아파트,42969.0,168000969,서구,검암동,171993.9233,126.6837832,451808.1055,37.56813215
2024-12-31,풍림1차아파트,42970.0,168000970,서구,검암동,171971.6217,126.683531,451802.0286,37.56807672
2024-12-31,풍림3차아파트,42366.0,168000366,서구,검암동,171960.2115,126.6834066,451677.6782,37.56695601
2024-12-31,풍림아이원1차·금호어울림아파트,42642.0,168000642,서구,마전동,169714.5308,126.6577677,457000.7777,37.61484424
2024-12-31,풍림아이원1차·금호어울림아파트,42646.0,168000646,서구,마전동,169710.5397,126.6577218,457017.6627,37.61499624
2024-12-31,풍림아이원2차아파트,42485.0,168000485,서구,마전동,169959.7848,126.6605537,456800.3064,37.61304612
2024-12-31,풍림아이원4차아파트,42645.0,168000645,서구,마전동,169882.733,126.659677,456898.9334,37.61393219
2024-12-31,풍림엑슬루타워,42830.0,168000830,서구,청라동,168982.054,126.6498664,447688.0651,37.53091498
2024-12-31,프린피아통합물류센터,89235.0,168001235,서구,오류동,165826.194,126.6140205,450749.307,37.55838419
2024-12-31,하나글로벌캠퍼스,89444.0,168001444,서구,청라동,166494.7463,126.6216295,449814.9482,37.54999048
2024-12-31,하나글로벌캠퍼스,89445.0,168001445,서구,청라동,166570.1722,126.6224785,449915.6006,37.55090008
2024-12-31,하나금융그룹통합데이터센터,89265.0,168001265,서구,청라동,167240.2204,126.6300399,450385.7929,37.55516047
2024-12-31,하나금융그룹통합데이터센터,89294.0,168001294,서구,청라동,167223.6141,126.6298534,450353.5534,37.55486941
2024-12-31,하나모터스,89451.0,168001451,서구,청라동,167045.6666,126.6280401,445892.0145,37.51466574
2024-12-31,하나모터스,89452.0,168001452,서구,청라동,167033.5356,126.6279036,445875.9654,37.51452071
2024-12-31,한국가스공사,89273.0,168001273,서구,청라동,166675.1688,126.6237501,448079.5352,37.53436144
2024-12-31,한국가스공사,89274.0,168001274,서구,청라동,166695.3757,126.6239814,448020.646,37.53383159
2024-12-31,한국가스공사인천지역본부,89114.0,168001114,서구,청라동,166681.2959,126.6238169,448136.1632,37.53487186
2024-12-31,한국가스공사인천지역본부,89115.0,168001115,서구,청라동,166707.4931,126.624113,448143.2046,37.53493625
2024-12-31,한국국토정보공사인천북부지사,42280.0,168000280,서구,심곡동,171257.3411,126.6755585,448937.7573,37.54224828
2024-12-31,한국국토정보공사인천북부지사,42278.0,168000278,서구,심곡동,171195.8096,126.6748628,448925.2765,37.54213391
2024-12-31,한국생산기술연구원(주조기술센터),42271.0,168000271,서구,경서동,167906.4663,126.6375988,449951.9158,37.55127484
2024-12-31,한국생산기술연구원(주조기술센터),42719.0,168000719,서구,경서동,167884.7198,126.6373524,449959.2032,37.55133974
2024-12-31,한국전력,42947.0,168000947,서구,가정동,171240.5856,126.6754257,447491.6876,37.52921898
2024-12-31,한국지엠청라주행시험장,89412.0,168001412,서구,청라동,168929.9124,126.649331,446401.3795,37.51932047
2024-12-31,한국지엠청라주행시험장,89413.0,168001413,서구,청라동,168904.0116,126.6490354,446463.3682,37.51987811
2024-12-31,한국타이어인천물류센터,89221.0,168001221,서구,석남동,170043.9046,126.6619986,444769.4512,37.50465401
2024-12-31,한국타이어인천물류센터,89222.0,168001222,서구,석남동,170003.1067,126.6615374,444766.234,37.5046237
2024-12-31,한국특수주물(주),42575.0,168000575,서구,경서동,168601.0039,126.6454617,449878.1238,37.55063395
2024-12-31,한들마을입구(유아교육진흥원),42370.0,168000370,서구,백석동,171234.0739,126.6751393,452907.0413,37.57800981
2024-12-31,한들마을입구(유아교육진흥원),42371.0,168000371,서구,백석동,171262.5488,126.6754638,452852.4723,37.57751905
2024-12-31,한라비발디,42878.0,168000878,서구,청라동,168179.6298,126.6407409,448780.1922,37.5407274
2024-12-31,한라비발디,89181.0,168001181,서구,청라동,167800.8064,126.6364548,448776.1193,37.54067753
2024-12-31,한라비발디,89180.0,168001180,서구,청라동,167820.2443,126.6366784,448693.2263,37.53993137
2024-12-31,한라비발디,42879.0,168000879,서구,청라동,168151.8801,126.640428,448756.723,37.54051499
2024-12-31,한라비발디정문,89373.0,168001373,서구,청라동,167986.9657,126.6385683,448613.1163,37.53921541
2024-12-31,한미반도체,42755.0,168000755,서구,가좌동,171580.768,126.6795012,441625.6515,37.47637749
2024-12-31,한미반도체,42754.0,168000754,서구,가좌동,171578.939,126.6794819,441591.8141,37.47607256
2024-12-31,한사랑어린이집,42461.0,168000461,서구,금곡동,168065.474,126.6390876,457067.7225,37.61539151
2024-12-31,한성아파트,89020.0,168001020,서구,가정동,171590.7496,126.6793872,447489.7172,37.5292121
2024-12-31,한성자동차학원,42091.0,168000091,서구,석남동,168862.3299,126.6486394,444683.2888,37.50383854
2024-12-31,한스엔지니어링,42276.0,168000276,서구,경서동,167998.2879,126.6386302,450129.2173,37.55287547
2024-12-31,한스엔지니어링,42279.0,168000279,서구,경서동,168028.1149,126.6389677,450128.7346,37.55287216
2024-12-31,한신더휴어반파크,89521.0,168001521,서구,당하동,174078.8996,126.7073085,453912.0281,37.58714912
2024-12-31,한신빌리지(A),42249.0,168000249,서구,가정동,172168.4324,126.6859549,446637.8828,37.52155487
2024-12-31,한신빌리지(B),42246.0,168000246,서구,가정동,172112.3613,126.6853217,446608.1747,37.52128551
2024-12-31,한신빌리지(C),42229.0,168000229,서구,가정동,171903.4128,126.6829652,446424.4419,37.51962376
2024-12-31,한신빌리지아파트,42230.0,168000230,서구,가정동,171780.021,126.6815682,446455.5523,37.51990029
2024-12-31,한신아파트,42095.0,168000095,서구,가좌동,172229.2048,126.6867638,443427.4456,37.49263118
2024-12-31,한신휴아파트,42105.0,168000105,서구,가좌동,171915.2932,126.6832016,443757.7799,37.49559793
2024-12-31,한신휴아파트,42106.0,168000106,서구,가좌동,172361.3085,126.6882517,443584.7894,37.4940528
2024-12-31,한양공구,42071.0,168000071,서구,석남동,169388.9105,126.6546159,444174.6457,37.4992734
2024-12-31,한양수자인,42868.0,168000868,서구,청라동,166525.7517,126.622092,447371.107,37.52797326
2024-12-31,한양수자인,42893.0,168000893,서구,청라동,166506.5692,126.621876,447348.814,37.52777171
2024-12-31,한양화학,42523.0,168000523,서구,가좌동,168821.2599,126.6482157,443722.8752,37.495184
2024-12-31,한일금속,89487.0,168001487,서구,오류동,165505.1911,126.610207,454580.8476,37.5928931
2024-12-31,한일금속,89488.0,168001488,서구,오류동,165536.1309,126.6105573,454581.2356,37.59289775
2024-12-31,한일베라체,42865.0,168000865,서구,청라동,168233.6747,126.6414037,447595.8838,37.53005894
2024-12-31,한일베라체,42948.0,168000948,서구,청라동,168238.233,126.641457,447557.5939,37.52971411
2024-12-31,한일베라체,42839.0,168000839,서구,청라동,168183.5331,126.6408321,447696.1669,37.53096074
2024-12-31,한일튜브(주),42576.0,168000576,서구,경서동,168454.5287,126.6438132,449665.767,37.54871567
2024-12-31,한주글로벌,89306.0,168001306,서구,경서동,168749.3537,126.6471327,450058.843,37.55226724
2024-12-31,한화꿈에그린,42872.0,168000872,서구,청라동,168150.3429,126.640419,448562.1536,37.53876192
2024-12-31,한화꿈에그린,42860.0,168000860,서구,청라동,168181.4777,126.6407713,448561.4459,37.53875662
2024-12-31,한화꿈에그린정문,89372.0,168001372,서구,청라동,167959.3781,126.6382576,448580.3702,37.53891942
2024-12-31,해성단조,42813.0,168000813,서구,오류동,165118.5747,126.6058224,454729.1368,37.59421453
2024-12-31,해수워터피아,42082.0,168000082,서구,석남동,169898.3558,126.6603777,444155.9051,37.49912132
2024-12-31,해수워터피아,42083.0,168000083,서구,석남동,169846.4202,126.6597896,444176.5188,37.49930535
2024-12-31,해원고등학교,42964.0,168000964,서구,청라동,167016.5438,126.6276464,447323.0853,37.52755831
2024-12-31,해원중학교,42973.0,168000973,서구,청라동,167109.9589,126.6287049,447284.3323,37.52721249
2024-12-31,해원중학교,42972.0,168000972,서구,청라동,167131.4294,126.6289477,447286.2413,37.52723046
2024-12-31,해원중학교후문,42965.0,168000965,서구,청라동,167022.4408,126.627714,447303.9128,37.52738578
2024-12-31,핸즈코퍼레이션,89263.0,168001263,서구,가좌동,170432.76,126.6664854,442557.1005,37.48473364
2024-12-31,핸즈코퍼레이션,89262.0,168001262,서구,가좌동,170433.9809,126.6664978,442591.0194,37.48503928
2024-12-31,현광아파트,42258.0,168000258,서구,가정동,171293.948,126.6760279,447528.4338,37.52955172
2024-12-31,현광아파트·포레나루원시티아파트,42260.0,168000260,서구,가정동,171339.5992,126.676549,447408.6817,37.5284742
2024-12-31,현대써비스,42021.0,168000021,서구,가좌동,171609.3626,126.6798013,442226.3631,37.48179071
2024-12-31,호반베르디움,42855.0,168000855,서구,청라동,169605.73,126.6568978,448276.8973,37.53624103
2024-12-31,호반베르디움14단지,42880.0,168000880,서구,청라동,169119.0959,126.6513917,448284.3089,37.53629161
2024-12-31,호반베르디움214동앞,42998.0,168000998,서구,청라동,169796.2043,126.6590524,448287.8342,37.53634583
2024-12-31,호반베르디움2차,89113.0,168001113,서구,청라동,169578.2292,126.6565847,448325.2887,37.53667611
2024-12-31,호반베르디움2차,89112.0,168001112,서구,청라동,169558.2168,126.6563583,448324.7328,37.53667044
2024-12-31,호반베르디움3차아파트,42743.0,168000743,서구,청라동,169753.1305,126.6585937,447593.6916,37.53009035
2024-12-31,호반베르디움3차아파트,42908.0,168000908,서구,청라동,169568.6593,126.6565011,447730.9372,37.53132083
2024-12-31,호반써밋1차 3101동,89394.0,168001394,서구,원당동,174117.6946,126.7077195,454709.7615,37.59433758
2024-12-31,호반써밋1차 3101동,89393.0,168001393,서구,원당동,174136.4773,126.7079351,454627.1652,37.59359394
2024-12-31,호반써밋1차아파트,89472.0,168001472,서구,원당동,174113.4075,126.7076665,454835.0333,37.59546612
2024-12-31,호반써밋1차아파트,89473.0,168001473,서구,원당동,174140.559,126.7079735,454846.6934,37.59557194
2024-12-31,호수공원,89104.0,168001104,서구,청라동,167693.6277,126.6352355,448925.905,37.54202331
2024-12-31,호수공원,89103.0,168001103,서구,청라동,167701.0522,126.6353211,448890.0196,37.54170025
2024-12-31,호수공원음악분수,89028.0,168001028,서구,청라동,166971.2705,126.6271229,447575.66,37.52983232
2024-12-31,호수공원음악분수,89027.0,168001027,서구,청라동,166973.7923,126.6271528,447544.8294,37.52955463
2024-12-31,홈씨씨인천점,42957.0,168000957,서구,원창동,168672.8215,126.6464451,445881.303,37.51462599
2024-12-31,홈씨씨인천점,42955.0,168000955,서구,원창동,168659.8824,126.6463002,445847.0416,37.51431686
2024-12-31,홈씨씨인천점,89188.0,168001188,서구,원창동,168870.5942,126.6486787,445961.8557,37.51535845
2024-12-31,홈플러스,89225.0,168001225,서구,청라동,168930.0368,126.6492704,447864.6784,37.53250448
2024-12-31,화력발전소,42628.0,168000628,서구,청라동,165028.1055,126.6050927,448559.4549,37.5386243
2024-12-31,화훼단지,89489.0,168001489,서구,가정동,171326.8715,126.6763939,447693.5318,37.53104024
2024-12-31,황곡노인정,89320.0,168001320,서구,대곡동,169518.3459,126.6554774,458638.5246,37.62959325
2024-12-31,황곡노인정,89310.0,168001310,서구,대곡동,169501.3238,126.6552841,458647.8701,37.62967688
2024-12-31,황곡상회,89311.0,168001311,서구,대곡동,169642.5074,126.6568872,458558.7542,37.62887866
2024-12-31,황곡상회,89330.0,168001330,서구,대곡동,169652.8542,126.6570039,458571.7711,37.62899628
2024-12-31,효성아파트,42166.0,168000166,서구,석남동,170298.7164,126.6648398,445773.2889,37.51370665
2024-12-31,효성아파트,42168.0,168000168,서구,석남동,170282.1244,126.6646513,445792.3371,37.51387774
2024-12-31,휴먼시아후문,42885.0,168000885,서구,청라동,168749.6769,126.6472431,447554.8589,37.52970697
2024-12-31,희성금속,42018.0,168000018,서구,가좌동,171276.1861,126.6760314,442303.9651,37.48247958
2024-12-31,힐데스하임,42876.0,168000876,서구,청라동,169240.1662,126.6527918,447562.8537,37.52979552
2024-12-31,힐스테이트검단웰카운티,89572.0,168001572,서구,불로동,173297.5807,126.6983826,456098.458,37.60682585
